index,description
01.,Pelagial der Nordsee
01.01.,Photisches Pelagial der Nordsee
01.02.,Aphotisches Pelagial der Nordsee
02.,Benthal der Nordsee
02.01.,Eulitorales Benthal der Nordsee (Wattflächen)
02.01.01.,Eulitoraler Felsen- und Steingrund der Nordsee (Felswatt) - ausschließlich bei Helgoland
02.01.01.01.,Eulitoraler Felsen- und Steingrund der Nordsee mit Epibenthos
02.01.01.01.01.,"Eulitoraler Felsen- und Steingrund der Nordsee mit mehrjährigen (festsitzenden) Makroalgen, v.a Fucus"
02.01.01.01.02.,Eulitoraler Felsen- und Steingrund der Nordsee mit epibenthischen Muscheln (Bivalvia)
02.01.01.01.02.01.,Eulitoraler Felsen- und Steingrund der Nordsee mit Pazifischen Austern (Crassostrea gigas)
02.01.01.01.02.02.,Eulitoraler Felsen- und Steingrund der Nordsee mit Miesmuscheln (Mytilus edulis)
02.01.01.01.03.,"Eulitoraler Felsen- und Steingrund der Nordsee mit einjährigen (festsitzenden) Makroalgen, v.a Meersalat (Ulva)"
02.01.01.02.,"Eulitoraler Felsen- und Steingrund der Nordsee mit vereinzeltem Epibenthos, Weidegängern oder ohne epibenthische Makroflora oder -fauna"
02.01.02.,Eulitoraler Schillgrund der Nordsee - ausschließlich Wattenmeer und Ästuare
02.01.02.01.,Eulitoraler Schillgrund der Nordsee mit Epibenthos
02.01.02.01.01.,"Eulitoraler Schillgrund der Nordsee mit epibenthischen Krebsen (Crustacea), v.a Seepocken (Balanidae)"
02.01.02.01.02.,Eulitoraler Schillgrund der Nordsee mit (lagestabilen) epibenthischen Muscheln (Bivalvia)
02.01.02.01.02.01.,Eulitoraler Schillgrund der Nordsee mit (lagestabilen) Pazifischen Austern (Crassostrea gigas)
02.01.02.01.02.02.,Eulitoraler Schillgrund der Nordsee mit (lagestabilen) Miesmuscheln (Mytilus)
02.01.02.01.03.,"Eulitoraler Schillgrund der Nordsee mit einjährigen (festsitzenden) Makroalgen, v.a Meersalat (Ulva)"
02.01.02.02.,Eulitoraler Schillgrund der Nordsee mit Infauna
02.01.02.03.,"Eulitoraler Schillgrund der Nordsee mit vereinzeltem Epibenthos, Weidegängern oder ohne Makroflora oder -fauna"
02.01.03.,Eulitoraler Torfgrund der Nordsee - ausschließlich Wattenmeer und Ästuare
02.01.04.,Eulitoraler Sandgrund der Nordsee (Sandwatt) - ausschließlich Wattenmeer und Ästuare
02.01.04.01.,Eulitoraler Sandgrund der Nordsee mit Epibenthos
02.01.04.01.01.,Eulitoraler Sandgrund der Nordsee mit wurzelnden Pflanzen - nur gering exponierte Bereiche des Wattemeeres und der Ästuare
02.01.04.01.01.01.,Eulitoraler Sandgrund der Nordsee mit Queller (Salicornia stricta)
02.01.04.01.01.02.,Eulitoraler Sandgrund der Nordsee mit Schlickgras (Spartina anglica)
02.01.04.01.01.03.,Eulitoraler Sandgrund der Nordsee mit Seegras (Zostera-Seegraswiesen)
02.01.04.01.02.,Eulitoraler Sandgrund der Nordsee mit (lagestabilen) epibenthischen Muscheln (Bivalvia)
02.01.04.01.02.01.,Eulitoraler Sandgrund der Nordsee mit (lagestabilen) Pazifischen Austern (Crassostrea gigas)
02.01.04.01.02.02.,Eulitoraler Sandgrund der Nordsee mit (lagestabilen) Miesmuscheln (Mytilus edulis)
02.01.04.01.03.,Eulitoraler Sandgrund der Nordsee mit einjährigen (nicht festsitzenden) Makroalgen
02.01.04.03.,"Eulitoraler Sandgrund der Nordsee mit vereinzeltem Epibenthos, Weidegängern oder ohne Makroflora und -fauna"
02.01.05.,Eulitoraler Schlickgrund der Nordsee (Schlick- und Mischwatt) - ausschließlich Wattenmeer und Ästuare
02.01.05.01.,Eulitoraler Schlickgrund der Nordsee mit Epibenthos
02.01.05.01.01.,Eulitoraler Schlickgrund der Nordsee mit wurzelnden Pflanzen - nur gering exponierte Bereiche des Wattemeeres und der Ästuare
02.01.05.01.01.01.,Eulitoraler Schlickgrund der Nordsee mit Queller (Salicornia stricta)
02.01.05.01.01.02.,Eulitoraler Schlickgrund der Nordsee mit Schlickgras (Spartina anglica)
02.01.05.01.01.03.,Eulitoraler Schlickgrund der Nordsee mit Seegras (Zostera-Seegraswiesen)
02.01.05.01.02.,Eulitoraler Schlickgrund der Nordsee mit (lagestabilen) epibenthischen Muscheln (Bivalvia)
02.01.05.01.02.01.,Eulitoraler Schlickgrund der Nordsee mit (lagestabilen) Pazifischen Austern (Crassostrea gigas)
02.01.05.01.02.02.,Eulitoraler Schlickgrund der Nordsee mit (lagestabilen) Miesmuscheln (Mytilus edulis)
02.01.05.01.03.,Eulitoraler Schlickgrund der Nordsee mit einjährigen (nicht festsitzenden) Makroalgen
02.01.05.02.,Eulitoraler Schlickgrund der Nordsee mit Infauna
02.01.05.02.01.,Eulitoraler Schlickgrund der Nordsee mit endobenthischen Krebsen (Crustacea) v.a Schlickkrebse (Corophiidae)
02.01.05.02.02.,Eulitoraler Schlickgrund der Nordsee mit endobenthischen Muscheln (Bivalvia)
02.01.05.02.03.,Eulitoraler Schlickgrund der Nordsee mit endobenthischen Vielborstern (Polychaeta)
02.01.05.02.04.,Eulitoraler Schlickgrund der Nordsee ohne Dominanz von spezifischen funktionalen/taxonomischen Gruppen der Infauna
02.01.05.03.,"Eulitoraler Schlickgrund der Nordsee mit vereinzeltem Epibenthos, Weidegängern oder ohne Makroflora oder -fauna"
02.02.,Sublitorales Benthal der Nordsee
02.02.01.,Sublitoraler Felsen- und Steingrund der Nordsee - vorwiegend Helgoland
02.02.01.01.,Sublitoraler Felsen- und Steingrund der Nordsee mit Epibenthos
02.02.01.01.01.,Sublitoraler Felsen- und Steingrund der Nordsee mit mehrjährigen (festsitzenden) Makroalgen
02.02.01.01.01.01.,Sublitoraler Felsen- und Steingrund der Nordsee mit Fucus
02.02.01.01.01.02.,Sublitoraler Felsen- und Steingrund der Nordsee mit Laminaria/Saccharina
02.02.01.01.01.03.,"Sublitoraler Felsen- und Steingrund der Nordsee mit mehrjährigen, blattförmigen Rotalgen (Delesseria sanguinea, Halarachnion ligulatum, Phycodrys rubens, Phyllophora spp.)"
02.02.01.01.02.,Sublitoraler Felsen- und Steingrund der Nordsee mit epibenthischen Muscheln
02.02.01.01.02.01.,Sublitoraler Felsen- und Steingrund der Nordsee mit Europäischen Austern (Ostrea edulis)
02.02.01.01.02.02.,Sublitoraler Felsen- und Steingrund der Nordsee mit Pazifischen Austern (Crassostrea gigas)
02.02.01.01.03.,"Sublitoraler Felsen- und Steingrund der Nordsee mit Moostierchen (Bryozoa), v.a Blätter-Moostierchen (Flustridae)"
02.02.01.01.04.,Sublitoraler Felsen- und Steingrund der Nordsee mit Nesseltieren (Cnidaria)
02.02.01.01.04.01.,Sublitoraler Felsen- und Steingrund der Nordsee mit Blumentieren (Anthozoa)
02.02.01.01.04.02.,"Sublitoraler Felsen- und Steingrund der Nordsee mit Hydroidpolypen (Hydrozoa), z.B Seemoos"
02.02.01.01.05.,Sublitoraler Felsen- und Steingrund der Nordsee mit Schwämmen (Porifera)
02.02.01.01.06.,Sublitoraler Felsen- und Steingrund der Nordsee mit Seescheiden (Ascidiacea)
02.02.01.01.07.,Sublitoraler Felsen- und Steingrund der Nordsee mit einjährigen (festsitzenden) Makroalgen
02.02.01.02.,"Sublitoraler Felsen- und Steingrund der Nordsee mit vereinzeltem Epibenthos, Weidegängern oder ohne epibenthische Makroflora oder -fauna"
02.02.02.,"Sublitoraler, aufragender Geschiebemergel-/Kleigrund der Nordsee - vorwiegend an exponierten Küstenabschnitten"
02.02.03.,"Sublitoraler, ebener Geschiebemergel-/Kleigrund der Nordsee - vorwiegend an exponierten Küstenabschnitten"
02.02.04.,Sublitoraler Schillgrund der Nordsee
02.02.04.01.,Sublitoraler Schillgrund der Nordsee mit Epibenthos
02.02.04.01.01.,Sublitoraler Schillgrund der Nordsee mit (lagestabilen) epibenthischen Muscheln (Bivalvia) (biogenes Riff)
02.02.04.01.01.01.,Sublitoraler Schillgrund der Nordsee mit (lagestabilen) Europäischen Austern (Ostrea edulis) (biogenes Riff)
02.02.04.01.01.02.,Sublitoraler Schillgrund der Nordsee mit (lagestabilen) Pazifischen Austern (Crassostrea gigas) (biogenes Riff)
02.02.04.01.01.03.,Sublitoraler Schillgrund der Nordsee mit (lagestabilen) Miesmuscheln (Mytilus edulis) (biogenes Riff)
02.02.04.01.02.,Sublitoraler Schillgrund der Nordsee mit Nesseltieren (Cnidaria)
02.02.04.01.02.01.,Sublitoraler Schillgrund der Nordsee mit Blumentieren (Anthozoa)
02.02.04.01.02.02.,"Sublitoraler Schillgrund der Nordsee mit Hydroidpolypen (Hydrozoa), z.B Seemoos"
02.02.04.02.,Sublitoraler Schillgrund der Nordsee mit Infauna
02.02.04.03.,"Sublitoraler Schillgrund der Nordsee mit vereinzeltem Epibenthos, Weidegängern oder ohne Makroflora oder -fauna"
02.02.05.,Sublitoraler Torfgrund der Nordsee - vorwiegend Wattenmeer und Ästuare
02.02.06.,Sublitorales Mischsubstrat der Nordsee
02.02.06.01.,Sublitorales Mischsubstrat der Nordsee mit Epibenthos
02.02.06.01.01.,Sublitorales Mischsubstrat der Nordsee mit mehrjährigen (festsitzenden) Makroalgen - auschließlich Helgoland
02.02.06.01.01.01.,Sublitorales Mischsubstrat der Nordsee mit Fucus
02.02.06.01.01.02.,Sublitorales Mischsubstrat der Nordsee mit Laminaria/Saccharina
02.02.06.01.01.03.,"Sublitorales Mischsubstrat der Nordsee mit mehrjährigen, blattförmigen Rotalgen (Delesseria sanguinea, Halarachnion ligulatum, Phycodrys rubens, Phyllophora spp.)"
02.02.06.01.02.,Sublitorales Mischsubstrat der Nordsee mit epibenthischen Muscheln
02.02.06.01.02.01.,Sublitorales Mischsubstrat der Nordsee mit Europäischen Austern (Ostrea edulis)
02.02.06.01.02.02.,Sublitorales Mischsubstrat der Nordsee mit Pazifischen Austern (Crassostrea gigas)
02.02.06.01.02.03.,Sublitorales Mischsubstrat der Nordsee mit Miesmuscheln (Mytilus edulis)
02.02.06.01.03.,"Sublitorales Mischsubstrat der Nordsee mit epibenthischen Vielborstern, v.a 'Sandkoralle' (Sabellaria) - vorwiegend Wattenmeer"
02.02.06.01.04.,"Sublitorales Mischsubstrat der Nordsee mit Moostierchen (Bryozoa), v.a Blätter-Moostierchen (Flustridae) - nur offene Nordsee"
02.02.06.01.05.,Sublitorales Mischsubstrat der Nordsee mit Nesseltieren (Cnidaria)
02.02.06.01.05.01.,Sublitorales Mischsubstrat der Nordsee mit Blumentieren (Anthozoa) - nur offene Nordsee
02.02.06.01.05.02.,"Sublitorales Mischsubstrat der Nordsee mit Hydroidpolypen (Hydrozoa), z.B 'Seemoos' "
02.02.06.01.06.,Sublitorales Mischsubstrat der Nordsee mit Schwämmen (Porifera) - nur offene Nordsee
02.02.06.01.07.,Sublitorales Mischsubstrat der Nordsee mit Seescheiden (Ascidiacea) - nur offene Nordsee
02.02.06.01.08.,Sublitorales Mischsubstrat der Nordsee mit einjährigen (festsitzenden) Makroalgen
02.02.06.02.,"Sublitorales Mischsubstrat der Nordsee mit vereinzeltem Epibenthos, Weidegängern oder ohne epibenthische Makroflora oder -fauna"
02.02.07.,Sublitorale Grobsedimentbank der Nordsee (Sandbank-Komplex)
02.02.08.,"Sublitorales, ebenes Grobsediment der Nordsee"
02.02.08.01.,"Sublitorales, ebenes Grobsediment der Nordsee mit Epibenthos"
02.02.08.01.01.,"Sublitorales, ebenes Grobsediment der Nordsee mit (lagestabilen) epibenthischen Muscheln (biogenes Riff)"
02.02.08.01.01.01.,"Sublitorales, ebenes Grobsediment der Nordsee mit (lagestabilen) Europäischen Austern (Ostrea edulis) (biogenes Riff)"
02.02.08.01.01.02.,"Sublitorales, ebenes Grobsediment der Nordsee mit (lagestabilen) Pazifischen Austern (Crassostrea gigas) (biogenes Riff)"
02.02.08.01.01.03.,"Sublitorales, ebenes Grobsediment der Nordsee mit (lagestabilen) Miesmuscheln (Mytilus edulis) (biogenes Riff)"
02.02.08.01.02.,"Sublitorales, ebenes Grobsediment der Nordsee mit Nesseltieren (Cnidaria), v.a 'Seemoos' "
02.02.08.02.,"Sublitorales, ebenes Grobsediment der Nordsee mit Infauna"
02.02.08.02.01.,"Sublitorales, ebenes Grobsediment der Nordsee mit Goniadella-Spisula-Gemeinschaft - vorwiegend offene Nordsee"
02.02.08.02.01.01.,"Sublitorales, ebenes Grobsediment der Nordsee mit Goniadella-Spisula-Gemeinschaft, dominiert von Lanzettfischchen (Branchiostoma lanceolatum; 'Amphioxus-Sande')"
02.02.08.02.01.02.,"Sublitorales, ebenes Grobsediment der Nordsee mit Goniadella-Spisula-Gemeinschaft, dominiert von Trogmuscheln (Mactra/Spisula)"
02.02.08.02.01.03.,"Sublitorales, ebenes Grobsediment der Nordsee mit Goniadella-Spisula-Gemeinschaft aber ohne Dominanz von spezifischen endobenthischen Taxa"
02.02.08.02.02.,"Sublitorales, ebenes Grobsediment der Nordsee mit endobenthischen Muscheln (Bivalvia) - vorwiegend Küstenmeer"
02.02.08.02.03.,"Sublitorales, ebenes Grobsediment der Nordsee ohne Charakterarten oder der Dominanz von spezifischen funktionalen/taxonomischen Gruppen der Infauna"
02.02.08.03.,"Sublitorales, ebenes Grobsediment der Nordsee mit vereinzeltem Epibenthos, Weidegängern oder ohne Makroflora oder -fauna"
02.02.09.,Sublitorale Sandbank (inkl Megarippelfelder) der Nordsee (Sandbank-Komplex)
02.02.10.,"Sublitoraler, ebener Sandgrund der Nordsee"
02.02.10.01.,"Sublitoraler, ebener Sandgrund der Nordsee mit Epibenthos"
02.02.10.01.01.,"Sublitoraler, ebener Sandgrund der Nordsee mit wurzelnden Pflanzen - nur gering exponierte, flache Buchten des Wattenmeeres und der Ästuare"
02.02.10.01.01.01.,"Sublitoraler, ebener Sandgrund der Nordsee mit Laichkräutern (Potamogeton/Stuckenia) - nur Ästuare"
02.02.10.01.01.02.,"Sublitoraler, ebener Sandgrund der Nordsee mit Meersalden (Ruppia)"
02.02.10.01.01.03.,"Sublitoraler, ebener Sandgrund der Nordsee mit Seegräsern (Zostera-Seegraswiesen)"
02.02.10.01.01.04.,"Sublitoraler, ebener Sandgrund der Nordsee mit Teichfaden (Zannichellia palustris) - nur Ästuare"
02.02.10.01.02.,"Sublitoraler, ebener Sandgrund der Nordsee mit (lagestabilen) epibenthischen Muscheln (biogenes Riff)"
02.02.10.01.02.01.,"Sublitoraler, ebener Sandgrund der Nordsee mit (lagestabilen) Europäischen Austern (Ostrea edulis) (biogenes Riff)"
02.02.10.01.02.02.,"Sublitoraler, ebener Sandgrund der Nordsee mit (lagestabilen) Pazifischen Austern (Crassostrea gigas) (biogenes Riff)"
02.02.10.01.02.03.,"Sublitoraler, ebener Sandgrund der Nordsee mit (lagestabilen) Miesmuscheln (Mytilus edulis) (biogenes Riff)"
02.02.10.01.03.,"Sublitoraler, ebener Sandgrund der Nordsee mit epibenthischen Vielborstern, v.a 'Sandkoralle' (Sabellaria) (biogenes Riff) - vorwiegend Wattenmeer"
02.02.10.02.,"Sublitoraler, ebener Sandgrund der Nordsee mit Infauna"
02.02.10.02.01.,"Sublitoraler, ebener Sandgrund der Nordsee mit Amphiura filiformis-Gemeinschaft - nur offene Nordsee"
02.02.10.02.01.01.,"Sublitoraler, ebener Sandgrund der Nordsee mit Amphiura filiformis-Gemeinschaft, dominiert von Callianassa/Nephrops/ Upogebia"
02.02.10.02.01.02.,"Sublitoraler, ebener Sandgrund der Nordsee mit Amphiura filiformis-Gemeinschaft, dominiert von Islandmuscheln (Arctica islandica)"
02.02.10.02.01.03.,"Sublitoraler, ebener Sandgrund der Nordsee mit Amphiura filiformis-Gemeinschaft, dominiert von Turritella communis"
02.02.10.02.01.04.,"Sublitoraler, ebener Sandgrund der Nordsee mit Amphiura filiformis-Gemeinschaft aber ohne Dominanz von spezifischen endobenthischen Taxa"
02.02.10.02.02.,"Sublitoraler, ebener Sandgrund der Nordsee mit Bathyporeia-Tellina-Gemeinschaft - nur offene Nordsee"
02.02.10.02.03.,"Sublitoraler, ebener Sandgrund der Nordsee mit Tellina fabula-Gemeinschaft - offene Nordsee und Küstenmeer"
02.02.10.02.03.01.,"Sublitoraler, ebener Sandgrund der Nordsee mit Tellina fabula-Gemeinschaft, dominiert von Bäumchenröhrenwürmern (Lanice conchilega)"
02.02.10.02.03.02.,"Sublitoraler, ebener Sandgrund der Nordsee mit Tellina fabula-Gemeinschaft, dominiert von Ensis directus"
02.02.10.02.03.03.,"Sublitoraler, ebener Sandgrund der Nordsee mit Tellina fabula-Gemeinschaft, dominiert von Ensis ensis, E magnus oder E siliqua"
02.02.10.02.03.04.,"Sublitoraler, ebener Sandgrund der Nordsee mit Tellina fabula-Gemeinschaft, dominiert von Hufeisenwürmern (Phoronis spp.)"
02.02.10.02.03.05.,"Sublitoraler, ebener Sandgrund der Nordsee mit Tellina fabula-Gemeinschaft, dominiert von Tellina fabula"
02.02.10.02.03.06.,"Sublitoraler, ebener Sandgrund der Nordsee mit Tellina fabula-Gemeinschaft aber ohne Dominanz von spezifischen endobenthischen Taxa"
02.02.10.02.04.,"Sublitoraler, ebener Sandgrund der Nordsee mit Goniadella-Spisula-Gemeinschaft - vorwiegend offene Nordsee"
02.02.10.02.05.,"Sublitoraler, ebener Sandgrund der Nordsee mit Nucula nitidosa-Gemeinschaft - nur offene Nordsee"
02.02.10.02.06.,"Sublitoraler, ebener Sandgrund der Nordsee mit endobenthischen Krebsen (Crustacea) - vorwiegend Wattenmeer und Ästuare"
02.02.10.02.07.,"Sublitoraler, ebener Sandgrund der Nordsee mit endobenthischen Muscheln (Bivalvia) - vorwiegend Küstenmeer, Wattenmeer und Ästuare"
02.02.10.02.07.01.,"Sublitoraler, ebener Sandgrund der Nordsee mit Baltischen Plattmuscheln (Macoma balthica)"
02.02.10.02.07.02.,"Sublitoraler, ebener Sandgrund der Nordsee mit Ensis directus"
02.02.10.02.07.03.,"Sublitoraler, ebener Sandgrund der Nordsee mit Ensis ensis, E magnus oder E siliqua"
02.02.10.02.07.04.,"Sublitoraler, ebener Sandgrund der Nordsee mit Herzmuscheln (Cerastoderma edule)"
02.02.10.02.07.05.,"Sublitoraler, ebener Sandgrund der Nordsee mit Sandklaffmuscheln (Mya arenaria)"
02.02.10.02.07.06.,"Sublitoraler, ebener Sandgrund der Nordsee mit endobenthischen Muscheln aber ohne Dominanz spezifischer Arten"
02.02.10.02.08.,"Sublitoraler, ebener Sandgrund der Nordsee mit endobenthischen Vielborstern (Polychaeta) - vorwiegend Wattenmeer und Ästuare"
02.02.10.02.08.01.,"Sublitoraler, ebener Sandgrund der Nordsee mit Bäumchenröhrenwürmern (Lanice conchilega)"
02.02.10.02.08.02.,"Sublitoraler, ebener Sandgrund der Nordsee mit Marenzelleria - vorwiegend Ästuare"
02.02.10.02.08.03.,"Sublitoraler, ebener Sandgrund der Nordsee mit Wattwürmern (Arenicola marina)"
02.02.10.02.08.04.,"Sublitoraler, ebener Sandgrund der Nordsee mit endobenthischen Vielborstern aber ohne Dominanz spezifischer Arten"
02.02.10.02.09.,"Sublitoraler, ebener Sandgrund der Nordsee ohne Charakterarten oder der Dominanz von spezifischen funktionalen/taxonomischen Gruppen der Infauna"
02.02.10.03.,"Sublitoraler, ebener Sandgrund der Nordsee mit vereinzeltem Epibenthos, Weidegängern oder ohne Makroflora oder -fauna"
02.02.11.,Sublitoraler Schlickgrund der Nordsee
02.02.11.01.,"Sublitoraler Schlickgrund der Nordsee mit Epibenthos, v.a mit wurzelnden Pflanzen - nur gering exponierte, flache Buchten des Wattenmeeres und der Ästuare"
02.02.11.02.,Sublitoraler Schlickgrund der Nordsee mit Infauna
02.02.11.02.01.,Sublitoraler Schlickgrund der Nordsee mit Amphiura filiformis-Gemeinschaft - nur offene Nordsee
02.02.11.02.01.01.,"Sublitoraler Schlickgrund der Nordsee mit Amphiura filiformis-Gemeinschaft, dominiert von Callianassa/Nephrops/Upogebia02.02.11.02.01.02 Sublitoraler Schlickgrund der Nordsee mit Amphiura filiformis-Gemeinschaft, dominiert von Islandmuscheln (Arctica islandica)"
02.02.11.02.01.03.,Sublitoraler Schlickgrund der Nordsee mit Amphiura filiformis-Gemeinschaft aber ohne Dominanz von spezifischen endobenthischen Taxa
02.02.11.02.02.,Sublitoraler Schlickgrund der Nordsee mit Nucula nitidosa-Gemeinschaft - nur offene Nordsee
02.02.11.02.02.01.,"Sublitoraler Schlickgrund der Nordsee mit Nucula nitidosa-Gemeinschaft, dominiert von Abra alba"
02.02.11.02.02.02.,"Sublitoraler Schlickgrund der Nordsee mit Nucula nitidosa-Gemeinschaft, dominiert von Chamelea gallina"
02.02.11.02.02.03.,"Sublitoraler Schlickgrund der Nordsee mit Nucula nitidosa-Gemeinschaft, dominiert von Hufeisenwürmern (Phoronis spp.)"
02.02.11.02.02.04.,"Sublitoraler Schlickgrund der Nordsee mit Nucula nitidosa-Gemeinschaft, dominiert von Islandmuscheln (Arctica islandica)"
02.02.11.02.02.05.,"Sublitoraler Schlickgrund der Nordsee mit Nucula nitidosa-Gemeinschaft, dominiert von Nucula nitidosa"
02.02.11.02.02.06.,Sublitoraler Schlickgrund der Nordsee mit Nucula nitidosa-Gemeinschaft aber ohne Dominanz von spezifischen endobenthischen Taxa
02.02.11.02.03.,"Sublitoraler Schlickgrund der Nordsee mit endobenthischen Krebsen (Crustacea), v.a Schlickkrebse (Corophiidae) - vorwiegend Ästuare"
02.02.11.02.04.,"Sublitoraler Schlickgrund der Nordsee mit endobenthischen Muscheln (Bivalvia) - vorwiegend gering exponierte, flache Buchten des Wattenmeeres und der Ästuare"
02.02.11.02.05.,"Sublitoraler Schlickgrund der Nordsee mit endobenthischen Vielborstern (Polychaeta) - vorwiegend gering exponierte, flache Buchten (Wattenmeer) und Ästuare"
02.02.11.02.06.,Sublitoraler Schlickgrund der Nordsee ohne Charakterarten oder der Dominanz von spezifischen funktionalen/taxonomischen Gruppen der Infauna
02.02.11.03.,"Sublitoraler Schlickgrund der Nordsee mit vereinzeltem Epibenthos, Weidegängern oder ohne Makroflora und -fauna - vorwiegend gering exponierte, flache Buchten des Wattenmeeres und der Ästuare"
03.,Saisonales Meereis der Nordsee
04.,Pelagial der Ostsee
04.01.,Photisches Pelagial der Ostsee
04.01.01.,"Photisches Pelagial der Ostsee, oberhalb der Halokline"
04.01.02.,"Photisches Pelagial der Ostsee, unterhalb der Halokline"
04.02.,Aphotisches Pelagial der Ostsee
04.02.01.,"Aphotisches Pelagial der Ostsee, oberhalb der Halokline"
04.02.02.,"Aphotisches Pelagial der Ostsee, unterhalb der Halokline"
05.,Benthal der Ostsee
05.01.,Hydrolitorales Benthal der Ostsee (Windwatt)
05.01.01.,Hydrolitoraler Felsen- und Steingrund der Ostsee
05.01.01.01.,Hydrolitoraler Felsen- und Steingrund der Ostsee mit Epibenthos
05.01.01.01.01.,"Hydrolitoraler Felsen- und Steingrund der Ostsee mit mehrjährigen (festsitzenden) Makroalgen, v.a Fucus vesiculosus"
05.01.01.01.02.,"Hydrolitoraler Felsen- und Steingrund der Ostsee mit epibenthischen Krebsen (Crustacea), v.a Seepocken (Balanidae)"
05.01.01.01.03.,Hydrolitoraler Felsen- und Steingrund der Ostsee mit einjährigen (festsitzenden) Makroalgen
05.01.01.02.,Hydrolitoraler Felsen- und Steingrund der Ostsee mit vereinzeltem Epibenthos oder ohne epibenthische Makroflora oder -fauna
05.01.02.,Hydrolitoraler Torfgrund der Ostsee
05.01.03.,Hydrolitorales Mischsubstrat der Ostsee
05.01.03.01.,Hydrolitorales Mischsubstrat der Ostsee mit Epibenthos
05.01.03.01.01.,"Hydrolitorales Mischsubstrat der Ostsee mit wurzelnden Pflanzen - überwiegend in flachen Buchten (Bodden, Haffe), Förden, Lagunen und Ästuaren"
05.01.03.01.02.,"Hydrolitorales Mischsubstrat der Ostsee mit mehrjährigen (festsitzenden) Makroalgen, v.a Fucus vesiculosus"
05.01.03.01.03.,"Hydrolitorales Mischsubstrat der Ostsee mit epibenthischen Krebsen (Crustacea), v.a Seepocken (Balanidae)"
05.01.03.01.04.,Hydrolitorales Mischsubstrat der Ostsee mit einjährigen (festsitzenden) Makroalgen
05.01.03.02.,Hydrolitorales Mischsubstrat der Ostsee mit vereinzeltem Epibenthos oder ohne epibenthische Makroflora oder -fauna
05.01.04.,Hydrolitorales Grobsediment der Ostsee
05.01.04.01.,Hydrolitorales Grobsediment der Ostsee mit Epibenthos
05.01.04.01.01.,"Hydrolitorales Grobsediment der Ostsee mit wurzelnden Pflanzen - überwiegend in flachen Buchten (Bodden, Haffe), Förden, Lagunen und Ästuaren"
05.01.04.01.02.,"Hydrolitorales Grobsediment der Ostsee mit mehrjährigen (festsitzenden) Makroalgen, v.a Fucus vesiculosus"
05.01.04.01.03.,Hydrolitorales Grobsediment der Ostsee mit einjährigen (festsitzenden) Makroalgen
05.01.04.02.,Hydrolitorales Grobsediment der Ostsee mit Infauna
05.01.04.03.,Hydrolitorales Grobsediment der Ostsee mit vereinzeltem Epibenthos oder ohne Makroflora oder -fauna
05.01.05.,Hydrolitoraler Sandgrund der Ostsee
05.01.05.01.,Hydrolitoraler Sandgrund der Ostsee mit Epibenthos
05.01.05.01.01.,"Hydrolitoraler Sandgrund der Ostsee mit wurzelnden Pflanzen - überwiegend in flachen Buchten (Bodden, Haffe), Förden, Lagunen und Ästuaren"
05.01.05.01.02.,Hydrolitoraler Sandgrund der Ostsee mit einjährigen (nicht festsitzenden) Makroalgen
05.01.05.02.,Hydrolitoraler Sandgrund der Ostsee mit Infauna
05.01.05.03.,Hydrolitoraler Sandgrund der Ostsee mit vereinzeltem Epibenthos oder ohne Makroflora oder -fauna
05.01.06.,Hydrolitoraler Schlickgrund der Ostsee
05.01.06.01.,Hydrolitoraler Schlickgrund der Ostsee mit Epibenthos
05.01.06.01.01.,"Hydrolitoraler Schlickgrund der Ostsee mit wurzelnden Pflanzen - überwiegend in flachen Buchten (Bodden, Haffe), Förden, Lagunen und Ästuaren"
05.01.06.01.02.,Hydrolitoraler Schlickgrund der Ostsee mit einjährigen (nicht festsitzenden) Makroalgen
05.01.06.02.,Hydrolitoraler Schlickgrund der Ostsee mit Infauna
05.01.06.03.,Hydrolitoraler Schlickgrund der Ostsee mit vereinzeltem Epibenthos oder ohne Makroflora oder -fauna
05.02.,Sublitorales Benthal der Ostsee
05.02.01.,Sublitoraler Felsen- und Steingrund der Ostsee
05.02.01.01.,Sublitoraler Felsen- und Steingrund der Ostsee mit Epibenthos
05.02.01.01.01.,Sublitoraler Felsen- und Steingrund der Ostsee mit mehrjährigen (festsitzenden) Makroalgen
05.02.01.01.01.01.,Sublitoraler Felsen- und Steingrund der Ostsee mit Fucus
05.02.01.01.01.02.,Sublitoraler Felsen- und Steingrund der Ostsee mit Furcellaria lumbricalis
05.02.01.01.01.03.,Sublitoraler Felsen- und Steingrund der Ostsee mit Laminaria/Saccharina - nur in der offenen Ostsee oder tieferen Buchten und Förden
05.02.01.01.01.04.,"Sublitoraler Felsen- und Steingrund der Ostsee mit mehrjährigen, blattförmigen Rotalgen (Coccotylus/Delesseria/ Phyllophora/ Phycodrys) - nur in der offenen Ostsee oder tieferen Buchten und Förden"
05.02.01.01.02.,"Sublitoraler Felsen- und Steingrund der Ostsee mit epibenthischen Krebsen (Crustacea), v.a Seepocken (Balanidae)"
05.02.01.01.03.,Sublitoraler Felsen- und Steingrund der Ostsee mit epibenthischen Muscheln (Bivalvia)
05.02.01.01.03.01.,Sublitoraler Felsen- und Steingrund der Ostsee mit Miesmuscheln (Mytilus)
05.02.01.01.03.02.,"Sublitoraler Felsen- und Steingrund der Ostsee mit Wandermuscheln (Dreissena polymorpha) - nur in flachen Buchten (Bodden, Haffe), Förden, Lagunen und Ästuaren"
05.02.01.01.04.,Sublitoraler Felsen- und Steingrund der Ostsee mit Moostierchen (Bryozoa) - nur in der offenen Ostsee oder tieferen Buchten und Förden
05.02.01.01.05.,Sublitoraler Felsen- und Steingrund der Ostsee mit Nesseltieren (Cnidaria)
05.02.01.01.05.01.,Sublitoraler Felsen- und Steingrund der Ostsee mit Blumentieren (Anthozoa) - nur in der offenen Ostsee oder tieferen Buchten und Förden
05.02.01.01.05.02.,Sublitoraler Felsen- und Steingrund der Ostsee mit Hydroidpolypen (Hydrozoa)
05.02.01.01.06.,Sublitoraler Felsen- und Steingrund der Ostsee mit Schwämmen (Porifera) - nur in der offenen Ostsee oder tieferen Buchten und Förden
05.02.01.01.07.,Sublitoraler Felsen- und Steingrund der Ostsee mit Seescheiden (Ascidiacea) - nur in der offenen Ostsee oder tieferen Buchten und Förden
05.02.01.01.08.,Sublitoraler Felsen- und Steingrund der Ostsee mit einjährigen (festsitzenden) Makroalgen
05.02.01.02.,"Sublitoraler Felsen- und Steingrund der Ostsee mit vereinzeltem Epibenthos, Weidegängern oder ohne Makroflora und -fauna"
05.02.02.,"Sublitoraler, aufragender Geschiebemergelgrund der Ostsee - vorwiegend an exponierten Küstenabschnitten der offenen Ostsee"
05.02.03.,"Sublitoraler, ebener Geschiebemergelgrund der Ostsee - vorwiegend an exponierten Küstenabschnitten der offenen Ostsee"
05.02.04.,Sublitoraler Schillgrund der Ostsee
05.02.05.,Sublitoraler Torfgrund der Ostsee
05.02.06.,Sublitorales Mischsubstrat der Ostsee
05.02.06.01.,Sublitorales Mischsubstrat der Ostsee mit Epibenthos
05.02.06.01.01.,Sublitorales Mischsubstrat der Ostsee mit wurzelnden Pflanzen
05.02.06.01.01.01.,"Sublitorales Mischsubstrat der Ostsee mit Armleuchteralgen (Characeae) - nur in flachen Buchten (Bodden, Haffe), Förden, Lagunen und Ästuaren"
05.02.06.01.01.02.,"Sublitorales Mischsubstrat der Ostsee mit Laichkräutern (Potamogeton/Stuckenia) - nur in flachen Buchten (Bodden, Haffe), Förden, Lagunen und Ästuaren"
05.02.06.01.01.03.,"Sublitorales Mischsubstrat der Ostsee mit Meersalden (Ruppia) - überwiegend in flachen Buchten (Bodden, Haffe), Förden, Lagunen und Ästuaren"
05.02.06.01.01.04.,Sublitorales Mischsubstrat der Ostsee mit Seegräsern (Zostera-Seegraswiesen)
05.02.06.01.01.05.,"Sublitorales Mischsubstrat der Ostsee mit Teichfaden (Zannichellia palustris) - nur in flachen Buchten (Bodden, Haffe), Förden, Lagunen und Ästuaren"
05.02.06.01.02.,Sublitorales Mischsubstrat der Ostsee mit mehrjährigen (festsitzenden) Makroalgen
05.02.06.01.02.01.,Sublitorales Mischsubstrat der Ostsee mit Fucus
05.02.06.01.02.02.,Sublitorales Mischsubstrat der Ostsee mit Furcellaria lumbricalis
05.02.06.01.02.03.,Sublitorales Mischsubstrat der Ostsee mit Laminaria/Saccharina - nur in der offenen Ostsee oder tieferen Buchten und Förden
05.02.06.01.02.04.,"Sublitorales Mischsubstrat der Ostsee mit mehrjährigen, blattförmigen Rotalgen (Coccotylus/ Delesseria/Phyllophora/ Phycodrys) - nur in der offenen Ostsee oder tieferen Buchten und Förden"
05.02.06.01.03.,"Sublitorales Mischsubstrat der Ostsee mit epibenthischen Krebsen (Crustacea), v.a Seepocken (Balanidae)"
05.02.06.01.04.,Sublitorales Mischsubstrat der Ostsee mit epibenthischen Muscheln
05.02.06.01.04.01.,Sublitorales Mischsubstrat der Ostsee mit Miesmuscheln (Mytilus)
05.02.06.01.04.02.,"Sublitorales Mischsubstrat der Ostsee mit Wandermuscheln (Dreissena polymorpha) - nur in flachen Buchten (Bodden, Haffe), Förden, Lagunen und Ästuaren"
05.02.06.01.05.,Sublitorales Mischsubstrat der Ostsee mit Moostierchen (Bryozoa) - nur in der offenen Ostsee oder tieferen Buchten und Förden
05.02.06.01.06.,Sublitorales Mischsubstrat der Ostsee mit Nesseltieren (Cnidaria)
05.02.06.01.06.01.,Sublitorales Mischsubstrat der Ostsee mit Blumentieren (Anthozoa) - nur in der offenen Ostsee oder tieferen Buchten und Förden
05.02.06.01.06.02.,Sublitorales Mischsubstrat der Ostsee mit Hydroidpolypen (Hydrozoa)
05.02.06.01.07.,Sublitorales Mischsubstrat der Ostsee mit Schwämmen (Porifera) - nur in der offenen Ostsee oder tieferen Buchten und Förden
05.02.06.01.08.,Sublitorales Mischsubstrat der Ostsee mit Seescheiden (Ascidiacea) - nur in der offenen Ostsee oder tieferen Buchten und Förden
05.02.06.01.09.,"Sublitorales Mischsubstrat der Ostsee mit mehrjährigen (nicht festsitzenden) Makroalgen - nur in flachen Buchten (Bodden, Haffe), Förden, Lagunen und Ästuaren"
05.02.06.01.10.,Sublitorales Mischsubstrat der Ostsee mit einjährigen (festsitzenden) Makroalgen
05.02.06.02.,"Sublitorales Mischsubstrat der Ostsee mit vereinzeltem Epibenthos, Weidegängern oder ohne epibenthische Makroflora oder -fauna"
05.02.07.,Sublitorale Grobsedimentbank der Ostsee (Sandbank-Komplex)
05.02.08.,"Sublitorales, ebenes Grobsediment der Ostsee"
05.02.08.01.,"Sublitorales, ebenes Grobsediment der Ostsee mit Epibenthos"
05.02.08.01.01.,"Sublitorales, ebenes Grobsediment der Ostsee mit wurzelnden Pflanzen"
05.02.08.01.01.01.,"Sublitorales, ebenes Grobsediment der Ostsee mit Laichkräutern (Potamogeton/Stuckenia) - nur in flachen Buchten (Bodden, Haffe), Förden, Lagunen und Ästuaren"
05.02.08.01.01.02.,"Sublitorales, ebenes Grobsediment der Ostsee mit Meersalden (Ruppia) - überwiegend in flachen Buchten (Bodden, Haffe), Förden, Lagunen und Ästuaren"
05.02.08.01.01.03.,"Sublitorales, ebenes Grobsediment der Ostsee mit Seegräsern (Zostera-Seegraswiesen)"
05.02.08.01.02.,"Sublitorales, ebenes Grobsediment der Ostsee mit mehrjährigen (festsitzenden) Makroalgen"
05.02.08.01.02.01.,"Sublitorales, ebenes Grobsediment der Ostsee mit Fucus"
05.02.08.01.02.02.,"Sublitorales, ebenes Grobsediment der Ostsee mit Laminaria/Saccharina - nur in der offenen Ostsee oder tieferen Buchten und Förden"
05.02.08.01.02.03.,"Sublitorales, ebenes Grobsediment der Ostsee mit mehrjährigen, blattförmigen Rotalgen (Coccotylus/Delesseria/Phyllophora/ Phycodrys) - nur in der offenen Ostsee oder tieferen Buchten und Förden"
05.02.08.01.03.,"Sublitorales, ebenes Grobsediment der Ostsee mit (lagestabilen) epibenthischen Muscheln (Bivalvia) (biogenes Riff)"
05.02.08.01.03.01.,"Sublitorales, ebenes Grobsediment der Ostsee mit (lagestabilen) Miesmuscheln (Mytilus) (biogenes Riff)"
05.02.08.01.03.02.,"Sublitorales, ebenes Grobsediment der Ostsee mit (lagestabilen) Wandermuscheln (Dreissena polymorpha) (biogenes Riff) - nur in flachen Buchten (Bodden, Haffe), Förden, Lagunen und Ästuaren"
05.02.08.01.04.,"Sublitorales, ebenes Grobsediment der Ostsee mit Seescheiden (Ascidiacea) - nur in der offenen Ostsee oder tieferen Buchten und Förden"
05.02.08.01.05.,"Sublitorales, ebenes Grobsediment der Ostsee mit einjährigen (festsitzenden) Makroalgen"
05.02.08.02.,"Sublitorales, ebenes Grobsediment der Ostsee mit Infauna"
05.02.08.02.01.,"Sublitorales, ebenes Grobsediment der Ostsee mit mariner Muschel-Gemeinschaft (Mya truncata, Macoma calcarea, Spisula spp., Astarte spp.) - nur in der offenen Ostsee oder tieferen Buchten und Förden"
05.02.08.02.02.,"Sublitorales, ebenes Grobsediment der Ostsee mit Ophelia-Travisia-Gemeinschaft - nur in der offenen Ostsee oder tieferen Buchten und Förden"
05.02.08.02.03.,"Sublitorales, ebenes Grobsediment der Ostsee mit endobenthischen Krebsen (Crustacea)"
05.02.08.02.04.,"Sublitorales, ebenes Grobsediment der Ostsee mit endobenthischen Vielborstern (Polychaeta)"
05.02.08.02.05.,"Sublitorales, ebenes Grobsediment der Ostsee ohne Charakterarten oder der Dominanz von spezifischen funktionalen/taxonomischen Gruppen der Infauna"
05.02.08.03.,"Sublitorales, ebenes Grobsediment der Ostsee mit vereinzeltem Epibenthos, Weidegängern oder ohne epibenthische Makroflora oder -fauna"
05.02.09.,Sublitorale Sandbank (inkl Megarippelfelder) der Ostsee (Sandbank-Komplex)
05.02.10.,"Sublitoraler, ebener Sandgrund der Ostsee"
05.02.10.01.,"Sublitoraler, ebener Sandgrund der Ostsee mit Epibenthos"
05.02.10.01.01.,"Sublitoraler, ebener Sandgrund der Ostsee mit wurzelnden Pflanzen"
05.02.10.01.01.01.,"Sublitoraler, ebener Sandgrund der Ostsee mit Armleuchteralgen (Characeae) - nur in flachen Buchten (Bodden, Haffe), Förden, Lagunen und Ästuaren"
05.02.10.01.01.02.,"Sublitoraler, ebener Sandgrund der Ostsee mit Laichkräutern (Potamogeton/Stuckenia) - nur in flachen Buchten (Bodden, Haffe), Förden, Lagunen und Ästuaren"
05.02.10.01.01.03.,"Sublitoraler, ebener Sandgrund der Ostsee mit Meersalden (Ruppia) - überwiegend in flachen Buchten (Bodden, Haffe), Förden, Lagunen und Ästuaren"
05.02.10.01.01.04.,"Sublitoraler, ebener Sandgrund der Ostsee mit Nixkraut (Najas marina) - nur in flachen Buchten (Bodden, Haffe), Förden, Lagunen und Ästuaren"
05.02.10.01.01.05.,"Sublitoraler, ebener Sandgrund der Ostsee mit Seegräsern (Zostera-Seegraswiesen)"
05.02.10.01.01.06.,"Sublitoraler, ebener Sandgrund der Ostsee mit Teichfaden (Zannichellia palustris) - nur in flachen Buchten (Bodden, Haffe), Förden, Lagunen und Ästuaren"
05.02.10.01.01.07.,"Sublitoraler, ebener Sandgrund der Ostsee mit Wasserhahnenfuß (Ranunculus peltatus subsp baudotii) - nur in flachen Buchten (Bodden, Haffe), Förden, Lagunen und Ästuaren"
05.02.10.01.02.,"Sublitoraler, ebener Sandgrund der Ostsee mit (lagestabilen) epibenthischen Muscheln (Bivalvia) (biogenes Riff)"
05.02.10.01.02.01.,"Sublitoraler, ebener Sandgrund der Ostsee mit (lagestabilen) Miesmuscheln (Mytilus) (biogenes Riff)"
05.02.10.01.02.02.,"Sublitoraler, ebener Sandgrund der Ostsee mit (lagestabilen) Wandermuscheln (Dreissena polymorpha) (biogenes Riff) - nur in flachen Buchten (Bodden, Haffe), Förden, Lagunen und Ästuaren"
05.02.10.01.03.,"Sublitoraler, ebener Sandgrund der Ostsee mit mehrjährigen (nicht festsitzenden) Makroalgen - nur in flachen Buchten (Bodden, Haffe), Förden, Lagunen und Ästuaren"
05.02.10.01.04.,"Sublitoraler, ebener Sandgrund der Ostsee mit einjährigen (nicht festsitzenden) Makroalgen"
05.02.10.02.,"Sublitoraler, ebener Sandgrund der Ostsee mit Infauna"
05.02.10.02.01.,"Sublitoraler, ebener Sandgrund der Ostsee mit Brackwassermuschel-Gemeinschaft (Cerastoderma glaucum, Macoma balthica, Mya arenaria)"
05.02.10.02.02.,"Sublitoraler, ebener Sandgrund der Ostsee mit mariner Muschel-Gemeinschaft (Mya truncata, Macoma calcarea, Spisula spp., Astarte spp.) - nur in der offenen Ostsee oder tieferen Buchten und Förden"
05.02.10.02.03.,"Sublitoraler, ebener Sandgrund der Ostsee mit Ophelia-Travisia-Gemeinschaft - nur in der offenen Ostsee oder tieferen Buchten und Förden"
05.02.10.02.04.,"Sublitoraler, ebener Sandgrund der Ostsee mit endobenthischen Krebsen (Crustacea)"
05.02.10.02.05.,"Sublitoraler, ebener Sandgrund der Ostsee mit endobenthischen Muscheln (Bivalvia)"
05.02.10.02.05.01.,"Sublitoraler, ebener Sandgrund der Ostsee mit Astarte - nur in der offenen Ostsee oder tieferen Buchten und Förden"
05.02.10.02.05.02.,"Sublitoraler, ebener Sandgrund der Ostsee mit Baltischen Plattmuscheln (Macoma balthica)"
05.02.10.02.05.03.,"Sublitoraler, ebener Sandgrund der Ostsee mit Großmuscheln (Unionidae) - nur in flachen Buchten (Bodden, Haffe), Förden, Lagunen und Ästuaren"
05.02.10.02.05.04.,"Sublitoraler, ebener Sandgrund der Ostsee mit Herzmuscheln (Cerastoderma)"
05.02.10.02.05.05.,"Sublitoraler, ebener Sandgrund der Ostsee mit Islandmuscheln (Arctica islandica) - nur in der offenen Ostsee oder tieferen Buchten und Förden"
05.02.10.02.05.06.,"Sublitoraler, ebener Sandgrund der Ostsee mit Sandklaffmuscheln (Mya arenaria)"
05.02.10.02.05.07.,"Sublitoraler, ebener Sandgrund der Ostsee mit endobenthischen Muscheln ohne Dominanz spezifischer Arten"
05.02.10.02.06.,"Sublitoraler, ebener Sandgrund der Ostsee mit endobenthischen Priapswürmern (Priapulida) - nur in der offenen Ostsee oder tieferen Buchten und Förden"
05.02.10.02.07.,"Sublitoraler, ebener Sandgrund der Ostsee mit endobenthischen Vielborstern (Polychaeta)"
05.02.10.02.07.01.,"Sublitoraler, ebener Sandgrund der Ostsee mit Marenzelleria"
05.02.10.02.07.02.,"Sublitoraler, ebener Sandgrund der Ostsee mit Opalwürmern (Nephtyidae)"
05.02.10.02.07.03.,"Sublitoraler, ebener Sandgrund der Ostsee mit Seeringelwürmern (Nereididae)"
05.02.10.02.07.04.,"Sublitoraler, ebener Sandgrund der Ostsee mit Wattwürmern (Arenicola marina)"
05.02.10.02.07.05.,"Sublitoraler, ebener Sandgrund der Ostsee mit endobenthischen Vielborstern aber ohne Dominanz spezifischer Arten"
05.02.10.02.08.,"Sublitoraler, ebener Sandgrund der Ostsee mit endobenthischen Zuckmückenlarven (Chironomidae)"
05.02.10.02.09.,"Sublitoraler, ebener Sandgrund der Ostsee ohne Charakterarten oder der Dominanz von spezifischen funktionalen/taxonomischen Gruppen der Infauna"
05.02.10.03.,"Sublitoraler, ebener Sandgrund der Ostsee mit vereinzeltem Epibenthos, Weidegängern oder ohne Makroflora oder -fauna"
05.02.11.,Sublitoraler Schlickgrund der Ostsee
05.02.11.01.,Sublitoraler Schlickgrund der Ostsee mit Epibenthos
05.02.11.01.01.,Sublitoraler Schlickgrund der Ostsee mit wurzelnden Pflanzen
05.02.11.01.01.01.,"Sublitoraler Schlickgrund der Ostsee mit Armleuchteralgen (Characeae) - nur in flachen Buchten (Bodden, Haffe), Förden, Lagunen und Ästuaren"
05.02.11.01.01.02.,"Sublitoraler Schlickgrund der Ostsee mit Laichkräutern (Potamogeton/Stuckenia) - nur in flachen Buchten (Bodden, Haffe), Förden, Lagunen und Ästuaren"
05.02.11.01.01.03.,"Sublitoraler Schlickgrund der Ostsee mit Meersalden (Ruppia) - überwiegend in flachen Buchten (Bodden, Haffe), Förden, Lagunen und Ästuaren"
05.02.11.01.01.04.,"Sublitoraler Schlickgrund der Ostsee mit Nixkraut (Najas marina) - nur in flachen Buchten (Bodden, Haffe), Förden, Lagunen und Ästuaren"
05.02.11.01.01.05.,Sublitoraler Schlickgrund der Ostsee mit Seegräsern (Zostera-Seegraswiesen)
05.02.11.01.01.06.,"Sublitoraler Schlickgrund der Ostsee mit Teichfaden (Zannichellia palustris) - nur in flachen Buchten (Bodden, Haffe), Förden, Lagunen und Ästuaren"
05.02.11.01.01.07.,"Sublitoraler Schlickgrund der Ostsee mit Wasserhahnenfuß (Ranunculus peltatus subsp baudotii) - nur in flachen Buchten (Bodden, Haffe), Förden, Lagunen und Ästuaren"
05.02.11.01.02.,Sublitoraler Schlickgrund der Ostsee mit (lagestabilen) epibenthischen Muscheln (Bivalvia) (biogenes Riff)
05.02.11.01.02.01.,Sublitoraler Schlickgrund der Ostsee mit (lagestabilen) Miesmuscheln (Mytilus) (biogenes Riff)
05.02.11.01.02.02.,"Sublitoraler Schlickgrund der Ostsee mit (lagestabilen) Wandermuscheln (Dreissena polymorpha) (biogenes Riff) - nur in flachen Buchten (Bodden, Haffe), Förden, Lagunen und Ästuaren"
05.02.11.01.03.,"Sublitoraler Schlickgrund der Ostsee mit mehrjährigen (nicht festsitzenden) Makroalgen - nur in flachen Buchten (Bodden, Haffe), Förden, Lagunen und Ästuaren"
05.02.11.01.04.,Sublitoraler Schlickgrund der Ostsee mit einjährigen (nicht festsitzenden) Makroalgen
05.02.11.02.,Sublitoraler Schlickgrund der Ostsee mit Infauna
05.02.11.02.01.,"Sublitoraler Schlickgrund der Ostsee mit Brackwassermuschel-Gemeinschaft (Cerastoderma glaucum, Macoma balthica, Mya arenaria)"
05.02.11.02.02.,Sublitoraler Schlickgrund der Ostsee mit endobenthischen Krebsen (Crustacea)
05.02.11.02.03.,Sublitoraler Schlickgrund der Ostsee mit endobenthischen Muscheln (Bivalvia)
05.02.11.02.03.01.,Sublitoraler Schlickgrund der Ostsee mit Astarte - nur in der offenen Ostsee oder tieferen Buchten und Förden
05.02.11.02.03.02.,Sublitoraler Schlickgrund der Ostsee mit Baltischen Plattmuscheln (Macoma balthica)
05.02.11.02.03.03.,"Sublitoraler Schlickgrund der Ostsee mit Großmuscheln (Unionidae) - nur in flachen Buchten (Bodden, Haffe), Förden, Lagunen und Ästuaren"
05.02.11.02.03.04.,"Sublitoraler Schlickgrund der Ostsee mit Herzmuscheln (Cerastoderma) - nur in flachen Buchten (Bodden, Haffe), Förden, Lagunen und Ästuaren"
05.02.11.02.03.05.,Sublitoraler Schlickgrund der Ostsee mit Islandmuscheln (Arctica islandica) - nur in der offenen Ostsee oder tieferen Buchten und Förden
05.02.11.02.03.06.,Sublitoraler Schlickgrund der Ostsee mit Macoma calcarea - nur in der offenen Ostsee oder tieferen Buchten und Förden
05.02.11.02.03.07.,"Sublitoraler Schlickgrund der Ostsee mit Sandklaffmuscheln (Mya arenaria) - überwiegend in flachen Buchten (Bodden, Haffe), Förden, Lagunen und Ästuaren"
05.02.11.02.03.08.,Sublitoraler Schlickgrund der Ostsee mit endobenthischen Muscheln ohne Dominanz spezifischer Arten
05.02.11.02.04.,Sublitoraler Schlickgrund der Ostsee mit endobenthischen Priapswürmern (Priapulida) - nur in der offenen Ostsee oder tieferen Buchten und Förden
05.02.11.02.05.,Sublitoraler Schlickgrund der Ostsee mit endobenthischen Vielborstern (Polychaeta)
05.02.11.02.05.01.,"Sublitoraler Schlickgrund der Ostsee mit Marenzelleria - überwiegend in flachen Buchten (Bodden, Haffe), Förden, Lagunen und Ästuaren"
05.02.11.02.05.02.,Sublitoraler Schlickgrund der Ostsee mit Opalwürmern (Nephtyidae) - nur in der offenen Ostsee oder tieferen Buchten und Förden
05.02.11.02.05.03.,Sublitoraler Schlickgrund der Ostsee mit Scoloplos armiger - nur in der offenen Ostsee oder tieferen Buchten und Förden
05.02.11.02.05.04.,Sublitoraler Schlickgrund der Ostsee mit Seeringelwürmern (Nereididae)
05.02.11.02.05.05.,Sublitoraler Schlickgrund der Ostsee mit Wattwürmern (Arenicola marina)
05.02.11.02.05.06.,Sublitoraler Schlickgrund der Ostsee mit endobenthischen Vielborstern ohne Dominanz spezifischer Arten
05.02.11.02.06.,Sublitoraler Schlickgrund der Ostsee mit endobenthischen Zuckmückenlarven (Chironomidae)
05.02.11.02.07.,Sublitoraler Schlickgrund der Ostsee ohne Charakterarten oder der Dominanz von spezifischen funktionalen/taxonomischen Gruppen der Infauna
05.02.11.03.,"Sublitoraler Schlickgrund der Ostsee mit vereinzeltem Epibenthos, Weidegängern oder ohne Makroflora und -fauna"
06.,Saisonales Meereis der Ostsee
07.,Salzgrünland der Nordseeküste (Supralitoral)
07.01.,Unteres Salzgrünland der Nordseeküste (z.B Andelrasen)
07.01.01.,"Unteres Salzgrünland der Nordseeküste, naturnah"
07.01.02.,"Unteres Salzgrünland der Nordseeküste, anthropozoogen überformt"
07.02.,Höhergelegenes Salzgrünland der Nordseeküste (z.B Rotschwingel- und Bottenbinsenrasen)
07.02.01.,"Höhergelegenes Salzgrünland der Nordseeküste, naturnah"
07.02.02.,"Höhergelegenes Salzgrünland der Nordseeküste, anthropozoogen überformt"
07.03.,Strandwiesen der Nordseeküste [Komplex]
07.04.,Brack- und Salzwasserröhricht der Nordseeküste und der Ästuare
07.05.,Brackwasser-Hochstaudenflur der Nordseeküste und der Ästuare
07.05.01.,Brackwasser-Hochstaudenflur der Nordseeküste
07.05.02.,Brackwasser-Hochstaudenflur der (Nordsee-)Ästuare
07.06.,Brackwasserbeeinflusstes Grünland der Nordseeküste und der Ästuare
07.06.01.,Brackwasserbeeinflusstes Grünland der Nordseeküste
07.06.02.,Brackwasserbeeinflusstes Grünland der (Nordsee-)Ästuare
07.07.,Salzgräben vordeichs
08.,"Salzgrünland, Brackwasserröhrichte und Hochstaudenflure des Geoliterorals der Ostseeküste"
08.01.,Salzgrünland des Geolitorals der Ostseeküste (ohne Röhrichte)
08.01.01.,Salzgrünland des Geolitorals der Ostseeküste auf überwiegend minerogenen Böden
08.01.02.,Salzgrünland des Geolitorals der Ostseeküste auf überwiegend organogenen Böden (Küstenüberflutungsmoor)
08.02.,Brackwasserröhrichte der Ostseeküste (Übergangsbereich Hydro- und Geolitoral)
08.02.01.,Ungenutztes Brackwasserröhricht der Ostseeküste
08.02.02.,Genutztes Brackwasserröhricht der Ostseeküste
08.03.,Brackwasser-Hochstaudenfluren der Ostseeküste
08.03.01.,Brackwasser-Hochstaudenflur der Ostseeküste auf überwiegend minerogenen Böden
08.03.02.,Brackwasser-Hochstaudenflur der Ostseeküste auf überwiegend organogenen Böden (Küstenüberflutungsmoore)
08.04.,"Schlenke, Kolk und Rinne des Geolitorals der Ostseeküste mit Pioniervegetation (u.a Queller)"
08.05.,Strandwiesen der Ostseeküste [Komplex]
08.06.,Brackwassergraben
09.,"Sande, Sand-, Geröll und Blockstrände"
09.01.,"Sandbank, Außensand und Nehrungshaken"
09.02.,Sandstrände und Sandplaten
09.02.01.,Naturnaher Sandstrand ohne Makrophyten
09.02.02.,Naturnaher Sandstrand mit Sand- und Salzpflanzenvegetation
09.02.03.,Bade-Sandstrand
09.03.,Kies- und Geröllstrände
09.03.01.,Kies- und Geröllstrand ohne Makrophytenvegetation
09.03.02.,Kies- und Geröllstrand mit Makrophytenvegetation
09.04.,Blockstrände
09.04.01.,Blockstrand ohne oder mit sehr lückiger Makrophytenvegetation
09.04.02.,Blockstrand mit Makrophytenvegetation
09.05.,Strandwälle
09.05.01.,Strandwall ohne oder mit sehr lückiger Makrophytenvegetation
09.05.02.,Strandwall mit krautiger Makrophytenvegetation
09.05.03.,Strandwälle mit Gebüschvegetation
09.05.03.01.,Strandwallgebüsch mit Sanddorn
09.05.03.02.,Strandwallgebüsch mit anderen autochthonen Arten (z.B Rosa pimpinellifolia)
09.05.03.03.,Strandwallgebüsch mit nicht autochthonen Arten (z.B Rosa rugosa)
09.06.,Strandgewässer
09.06.01.,Strandsee (mit Tiefenzone)
09.06.02.,Strandflachsee
09.06.03.,Strandtümpel
10.,Küstendünen
10.01.,Vordüne
10.02.,Weißdüne
10.03.,Graudünen (Dünenrasen)
10.03.01.,Dünenpionierrasen mit einjähriger lückiger Vegetation
10.03.02.,Dünenrasen mit geschlossener Narbe und überwiegend ausdauernden Arten
10.04.,Braundünen (Küstendünenheiden)
10.04.01.,Krähenbeer-Heide der Küstendünen
10.04.02.,Calluna-Heide auf Küstendünen
10.05.,"Feuchte/nasse Dünentäler, inkl Dünenmoore [Komplex]"
10.05.01.,Feuchtes/nasses Dünental mit stehendem Gewässer
10.05.02.,Feuchtes/nasses Dünental mit Pioniervegetation
10.05.03.,Feuchtes/nasses Dünental mit Vermoorungen (Dünenmoor)
10.05.04.,Feuchtes/nasses Dünental mit Salzgrünland
10.05.05.,"Feuchtes/nasses Dünental mit Röhricht-, Ried- oder Hochstaudenfragmenten"
10.06.,Dünengebüsche
10.06.01.,Dünengebüsch mit Sanddorn
10.06.02.,Dünengebüsch mit Kriechweiden-Teppich
10.06.03.,Sonstiges Dünengebüsch mit anderen autochthonen Arten (z.B Rosa pimpinellifolia)
10.06.04.,Dünengebüsch mit nicht autochthonen Arten (z.B Rosa rugosa)
10.07.,Wanderdüne
11.,Fels- und Steilküsten
11.01.,Sandstein-Felsküste (Helgoland)
11.02.,Kreide-Felsküste (Ostsee)
11.03.,Geestkliff der Nordseeküste und -inseln
11.03.01.,"Geestkliff, aktiv"
11.03.02.,"Geestkliff, inaktiv"
11.04.,Moränensteilküsten der Ostsee
11.04.01.,"Moränensteilküste, aktiv"
11.04.02.,"Moränensteilküste, inaktiv"
21.,Grundwasser und Höhlengewässer
21.01.,Grundwasser
21.01.01.,Kalkarmes Grundwasser
21.01.02.,Kalkreiches Grundwasser
21.02.,Höhlenbäche
21.02.01.,Kalkarmer Höhlenbach
21.02.02.,Kalkreicher Höhlenbach
21.03.,Höhlenseen
21.03.01.,Kalkarmer Höhlensee
21.03.02.,Kalkreicher Höhlensee
22.,Quellen
22.01.,Sicker- und Sumpfquellen (Helokrenen)
22.01.01.,Kalkarme Sicker- und Sumpfquelle
22.01.02.xx.,Kalkreiche Sicker- und Sumpfquellen
22.02.,Grundquellen (Limnokrenen)
22.02.01.,Kalkarme Grundquelle
22.02.02.,Kalkreiche Grundquelle
22.03.,Sturzquellen (Rheokrenen)
22.03.01.,Kalkarme Sturzquelle
22.03.02.xx.,Kalkreiche Sturzquellen
22.04.,Salz- oder Solquellen
22.04.01.,Salzhaltige Sicker- und Sumpfquelle (Helokrene)
22.04.02.,Salzhaltige Grundquelle (Limnokrene)
22.04.03.,Salzhaltige Sturzquelle (Rheokrene)
22.05.,Künstlich gefasste Quellen
22.05.01.,"Künstlich gefasste, kalkarme Quelle"
22.05.02.,"Künstlich gefasste, kalkreiche Quelle"
23.,Fließgewässer
23.01.,Natürliche und naturnahe Fließgewässer
23.01.01.,Natürliches und naturnahes Rhithral
23.01.01.01.,Natürliches oder naturnahes Rhithral mit Geröll- oder Schotter-Sohlsubstrat
23.01.01.02.,Natürliches oder naturnahes Rhithral mit Grobkies- oder Kies-Sohlsubstrat
23.01.01.03.,Natürliches oder naturnahes Rhithral mit Sand-Sohlsubstrat
23.01.01.04.,Natürliches oder naturnahes Rhithral mit Feinsediment-Sohlsubstrat
23.01.01.05.,Natürliches oder naturnahes Rhithral mit organischem Sohlsubstrat
23.01.02.,Natürliches und naturnahes Potamal
23.01.02.01.,Natürliches oder naturnahes Potamal mit Grobkies- oder Kies-Sohlsubstrat
23.01.02.02.,Natürliches oder naturnahes Potamal mit Sand-Sohlsubstrat
23.01.02.03.,Natürliches oder naturnahes Potamal mit Feinsediment-Sohlsubstrat
23.01.02.04.,Natürliches oder naturnahes Potamal mit organischem Sohlsubstrat
23.02.,Anthropogen mäßig beeinträchtigte Fließgewässer
23.02.01.,Anthropogen mäßig beeinträchtigtes Rhithral
23.02.01.01.,Anthropogen mäßig beeinträchtigtes Rhithral mit Geröll- oder Schotter-Sohlsubstrat
23.02.01.02.,Anthropogen mäßig beeinträchtigtes Rhithral mit Grobkies- oder Kies-Sohlsubstrat
23.02.01.03.,Anthropogen mäßig beeinträchtigtes Rhithral mit Sand-Sohlsubstrat
23.02.01.04.,Anthropogen mäßig beeinträchtigtes Rhithral mit Feinsediment-Sohlsubstrat
23.02.01.05.,Anthropogen mäßig beeinträchtigtes Rhithral mit organischem Sohlsubstrat
23.02.02.,Anthropogen mäßig beeinträchtigtes Potamal
23.02.02.01.,Anthropogen mäßig beeinträchtigtes Potamal mit Grobkies- oder Kies-Sohlsubstrat
23.02.02.02.,Anthropogen mäßig beeinträchtigtes Potamal mit Sand-Sohlsubstrat
23.02.02.03.,Anthropogen mäßig beeinträchtigtes Potamal mit Feinsediment-Sohlsubstrat
23.02.02.04.,Anthropogen mäßig beeinträchtigtes Potamal mit organischem Sohlsubstrat
23.03.,Anthropogen stark beeinträchtigte Fließgewässer
23.03.01.,"Anthropogen stark beeinträchtigtes Fließgewässer, schnell fließend"
23.03.02.,"Anthropogen stark beeinträchtiges Fließgewässer, langsam fließend"
23.04.,Anthropogen sehr stark veränderte Fließgewässer
23.04.01.,"Anthropogen sehr stark verändertes Fließgewässer, schnell fließend"
23.04.02.,"Anthropogen sehr stark verändertes Fließgewässer, langsam fließend"
23.05.,Fließgewässer technischer Art (inkl Salzgräben)
23.05.01.,Graben mit ganzjährigem Fließgewässercharakter
23.05.01.01.,Graben mit ganzjährigem Fließgewässercharakter mit extensiver Gewässerunterhaltung
23.05.01.02.,Graben mit ganzjährigem Fließgewässercharakter ohne Gewässerunterhaltung
23.05.01.03.,Graben mit ganzjährigem Fließgewässercharakter mit intensiver Gewässerunterhaltung
23.05.02.,"Technische Rinne, Halbschale"
23.05.03.,Verrohrung
23.06.,Mündungen in Binnengewässer
23.06.01.,Fallmündung
23.06.02.,Schuttkegelmündung
23.06.03.,Schwemmkegelmündung
23.06.04.,Trichtermündung
23.06.05.,Deltamündung
23.07.,Sonderformen im Fließgewässerverlauf
23.07.01.,Wasserfall
23.07.02.,Altarm
23.07.03.,Seeabfluss
23.07.04.,Staustrecke
23.07.05.,Salzbach
23.08.,Zeitweilig trockenfallende Lebensräume unterhalb des Mittelwasserbereichs an fließenden Gewässern
23.08.01.,Zeitweilig trockenfallende Felsfläche an fließenden Gewässern
23.08.02.,Zeitweilig trockenfallende Geröllfläche an fließenden Gewässern
23.08.03.,Zeitweilig trockenfallende Kiesfläche an fließenden Gewässern
23.08.04.,Zeitweilig trockenfallende Sandfläche an fließenden Gewässern
23.08.04.01.,Periodisch trockenfallende Sandfläche an fließenden Gewässern (Süßwasserwatt)
23.08.04.02.,Episodisch trockenfallende Sandfläche an fließenden Gewässern
23.08.05.,Zeitweilig trockenfallende Schlammfläche an fließenden Gewässern
23.08.05.01.,Periodisch trockenfallende Schlammfläche an fließenden Gewässern (Süßwasserwatt)
23.08.05.02.,Episodisch trockenfallende Schlammfläche an fließenden Gewässern
23.09.,Natürliche und naturnahe temporäre Fließgewässer
23.09.01.,Natürliches und naturnahes temporäres Karst-Fließgewässer
23.09.02.,Sonstiges natürliches oder naturnahes temporäres Fließgewässer
24.,Standgewässer
24.01.,Dystrophe stehende Gewässer/Moorgewässer
24.01.01.,"Natürlicher oder naturnaher, dystropher See und Weiher (inkl naturnahe, dystrophe Teiche)"
24.01.02.,"Sich selbst überlassenes, dystrophes Abbaugewässer"
24.01.03.,Dystropher Tümpel
24.02.,Oligotrophe stehende Gewässer
24.02.01.,Oligotrophe Seen
24.02.01.01.,"Kalkarmer, oligotropher See"
24.02.01.02.,"Kalkreicher, oligotropher See"
24.02.02.,Oligotrophe Weiher
24.02.02.01.,"Kalkarmer, oligotropher Weiher"
24.02.02.02.,"Kalkreicher, oligotropher Weiher"
24.02.03.,"Oligotrophe, sich selbst überlassene Abbaugewässer"
24.02.03.01.,"Kalkarmes, oligotrophes, sich selbst überlassenes Abbaugewässer"
24.02.03.02.,"Kalkreiches, oligotrophes, sich selbst überlassenes Abbaugewässer"
24.02.04.,Oligotrophe Tümpel
24.02.04.01.,"Kalkarmer, oligotropher Tümpel"
24.02.04.02.,"Kalkreicher, oligotropher Tümpel"
24.02.04.02.01.,"Kalkreicher, oligotropher Karsttümpel"
24.02.04.02.02.,"Sonstiger kalkreicher, oligotropher Tümpel"
24.02.04.03.,"Gipsreicher, oligotropher Tümpel"
24.03.,Mesotrophe stehende Gewässer
24.03.01.,Mesotrophe Seen
24.03.01.01.,"Kalkarmer, mesotropher See"
24.03.01.02.,"Kalkreicher, mesotropher See"
24.03.02.,Mesotrophe Altwasser
24.03.02.01.,"Kalkarmes, mesotrophes Altwasser"
24.03.02.02.,"Kalkreiches, mesotrophes Altwasser"
24.03.03.,"Mesotrophe Weiher und Flachseen (inkl naturnahe, mesotrophe Teiche)"
24.03.03.01.,"Kalkarmer, mesotropher Weiher, Flachsee oder naturnaher Teich"
24.03.03.02.,"Kalkreicher, mesotropher Weiher, Flachsee oder naturnaher Teich"
24.03.04.,"Mesotrophe, sich selbst überlassene Abbaugewässer"
24.03.04.01.,"Kalkarmes, mesotrophes, sich selbst überlassenes Abbaugewässer"
24.03.04.02.,"Kalkreiches, mesotrophes, sich selbst überlassenes Abbaugewässer"
24.03.05.,Mesotrophe Tümpel
24.03.05.01.,"Kalkarmer, mesotropher Tümpel"
24.03.05.02.,"Kalkreiche, mesotrophe Tümpel"
24.03.05.02.01.,"Kalkreicher, mesotropher Karsttümpel"
24.03.05.02.02.,"Sonstiger kalkreicher, mesotropher Tümpel"
24.03.05.03.,"Gipsreicher, mesotropher Tümpel"
24.04.,Eutrophe stehende Gewässer
24.04.01.,Eutropher See
24.04.02.,Eutrophes Altwasser
24.04.03.,"Eutropher Weiher und Flachsee (inkl naturnahe, eutrophe Teiche)"
24.04.04.,"Eutrophes, sich selbst überlassenes Abbaugewässer (naturnah entwickelt)"
24.04.05.,Eutropher Tümpel
24.05.,Poly-hypertrophe stehende Gewässer
24.05.01.,"Poly-hypertropher/es See, Weiher und Altwasser"
24.05.02.,Poly-hypertropher Tümpel
24.06.,Salzhaltige Binnengewässer
24.06.01.,"Salzhaltiges, perennierendes, stehendes Gewässer (Binnenlandsalzstellen)"
24.06.02.,"Gipshaltiges, perennierendes, stehendes Gewässer"
24.06.03.,Salztümpel des Binnenlandes
24.07.,Stehende Gewässer anthropogenen Ursprungs
24.07.01.,"Naturferner, wassergefüllter Torfstich (aktuell im Abbau)"
24.07.02.,Fischzuchtgewässer (intensive Nutzung)
24.07.03.,Kanäle
24.07.03.01.,Nicht mehr genutzter Kanal
24.07.03.02.,Kanal in Betrieb
24.07.04.,Gräben mit sehr langsam fließendem bis stehendem Wasser
24.07.04.01.,Graben mit sehr langsam fließendem bis stehendem Wasser mit extensiver Gewässerunterhaltung
24.07.04.02.,Graben mit sehr langsam fließendem bis stehendem Wasser ohne Gewässerunterhaltung
24.07.04.03.,Graben mit sehr langsam fließendem bis stehendem Wasser mit intensiver Gewässerunterhaltung
24.07.05.,Zier- und Löschteich
24.07.06.,Klär- bzw Schönungsteich
24.07.07.,"Industrielles Absetzbecken, Spülfeld und Flüssigdeponie"
24.07.08.,Offene Wasserrückhaltebecken
24.07.08.01.,Offenes Wasserrückhaltebecken mit Dauerstau
24.07.08.02.,Offenes Wasserrückhaltebecken ohne Dauerstau
24.07.09.,Hafenbecken
24.07.10.,Speicherseen mit hohen Wasserstandsschwankungen
24.07.10.01.,Flussstausee
24.07.10.02.,Talsperre
24.07.11.,Wasseraufbereitungsanlage (offener Sickerteich)
24.07.12.,Abbaugewässer (in Betrieb) inkl sich selbst überlassenes Abbaugewässer mit extremem Chemismus
24.08.,Zeitweilig trockenfallende Lebensräume unterhalb des Mittelwasserbereichs an stehenden Gewässern
24.08.01.,Zeitweilig trockenfallende Felsfläche an stehenden Gewässern
24.08.02.,Zeitweilig trockenfallende Geröllfläche an stehenden Gewässern
24.08.03.,Zeitweilig trockenfallende Kiesfläche an stehenden Gewässern
24.08.04.,Zeitweilig trockenfallende Sandfläche an stehenden Gewässern
24.08.05.,Zeitweilig trockenfallende Schlammfläche an stehenden Gewässern
24.08.06.,Zeitweilig trockenfallende Torffläche an Moorgewässern
31.,Höhlen
31.01.,Natürliche Höhlen und Balmen
31.01.01.,Balmen (Halbhöhlen) und Eingangsbereiche von Höhlen
31.01.01.01.,"Balme (Halbhöhle) und Eingangsbereich von Höhlen, ohne anthropogene Nutzung"
31.01.01.02.,"Balme (Halbhöhle) und Eingangsbereich von Höhlen, mit anthropogener Nutzung"
31.01.02.,Natürliche Höhlen (Bereiche ohne Tageslichteinfluss)
31.01.02.01.,"Natürliche Höhle, ohne anthropogene Nutzung"
31.01.02.02.,"Natürliche Höhle, mit anthropogener Nutzung"
31.02.,Stollen und Schächte
31.02.01.,Sich selbst überlassener Stollen bzw Schacht
31.02.02.,In Betrieb befindlicher Stollen bzw Schacht (inkl Besucherbergwerke usw.)
32.,"Felsen-, Block- und Schutthalden, Geröllfelder, offene Bereiche mit sandigem oder bindigem Substrat"
32.01.,Natürliche und naturnah entwickelte Felsen
32.01.01.,Natürlicher und naturnah entwickelter Karbonatfels
32.01.02.,Natürliche und naturnah entwickelte Silikatfelsen (ohne Serpentinit)
32.01.02.01.,"Natürlicher und naturnah entwickelter basenarmer Silikatfels (Granit, Quarzit usw.)"
32.01.02.02.,"Natürlicher und naturnah entwickelter basenreicher Silikatfels (Basalt, Kalksandstein usw.)"
32.01.03.,Natürlicher und naturnah entwickelter Serpentinitfels
32.01.04.,Natürlicher und naturnah entwickelter Gipsfels
32.02.,"Solitärer Felsblock, Findling"
32.03.,Natürliche und naturnah entwickelte Blockhalden
32.03.01.,Natürliche und naturnah entwickelte Blockhalde aus Karbonatgestein
32.03.02.,Natürliche und naturnah entwickelte Blockhalden aus Silikatgestein (ohne Serpentinit)
32.03.02.01.,"Natürliche und naturnah entwickelte Blockhalde aus basenarmem Silikatgestein (Granit, Quarzit usw.)"
32.03.02.02.,"Natürliche und naturnah entwickelte Blockhalde aus basenreichem Silikatgestein (Basalt, Kalksandstein usw.)"
32.03.03.,Natürliche und naturnah entwickelte Blockhalde aus Serpentinitgestein
32.04.,Natürliche und naturnah entwickelte Schutthalden
32.04.01.,Natürliche und naturnah entwickelte Schutthalde aus Karbonatgestein (inkl Mergel)
32.04.02.,Natürliche und naturnah entwickelte Schutthalden aus Silikatgestein (ohne Serpentinit)
32.04.02.01.,"Natürliche und naturnah entwickelte Schutthalde aus basenarmem Silikatgestein (Granit, Quarzit usw.)"
32.04.02.02.,"Natürliche und naturnah entwickelte Schutthalde aus basenreichem Silikatgestein (Basalt, Kalksandstein usw.)"
32.04.03.,Natürliche und naturnah entwickelte Schutthalde aus Serpentinitgestein
32.04.04.,Natürliche und naturnah entwickelte Schutthalde aus Gipsgestein
32.05.,"Steinriegel, Steinhaufen, Trockenmauern und Natursteinmauern"
32.05.01.,Steinriegel und Steinhaufem
32.05.01.01.,Steinriegel/-haufen aus Karbonatgestein
32.05.01.02.,Steinriegel/-haufen aus Silikatgestein
32.05.02.,Trockenmauern
32.05.02.01.,Trockenmauer aus Karbonatgestein
32.05.02.02.,Trockenmauer aus Silikatgestein
32.05.03.,Verfugte Natursteinmauern (auch von Ruinen)
32.05.03.01.,Verfugte Natursteinmauer aus Karbonatgestein
32.05.03.02.,Verfugte Natursteinmauer aus Silikatgestein
32.06.,Sandwand
32.07.,Lehm- und Lösswände
32.07.01.,Lösswand
32.07.02.,Geschiebemergel- und sonstige Lehmwand
32.08.,Vegetationsarme Kies- und Schotterfläche
32.09.,Vegetationsarme Sandfläche
32.10.,Vegetationsarme Fläche mit bindigem Substrat
32.11.,Abbaubereiche und Abraumhalden
32.11.01.,"Junge, sich selbst überlassene oder in Aufschüttung befindliche Schutthalden"
32.11.01.01.,"Junge, sich selbst überlassene oder in Aufschüttung befindliche Schutthalde aus Karbonatgestein"
32.11.01.02.,"Junge, sich selbst überlassene oder in Aufschüttung befindliche Schutthalde aus Silikatgestein"
32.11.02.,"Junge, sich selbst überlassene oder in Aufschüttung befindliche Halde mit sandig-kiesigem Substrat"
32.11.03.,"Junge, sich selbst überlassene oder in Aufschüttung befindliche Halde mit bindigem Substrat"
32.11.04.,"Felswände im Abbau (Steinbrüche) und junge, aufgelassene Steinbrüche"
32.11.04.01.,Felswand im Abbau aus Karbonatgestein
32.11.04.02.,Felswände im Abbau aus Silikatgestein
32.11.04.02.01.,"Felswand im Abbau aus basenarmem Silikatgestein (Granit, Quarzit usw.)"
32.11.04.02.02.,"Felswand im Abbau aus basenreichem Silikatgestein (Basalt, Kalksandstein usw.)"
32.11.05.,Grobschutthalde im Abbau
32.11.06.,Sand- oder Kiesentnahmestelle im Abbau
32.11.07.,Entnahmestelle bindigen Substrates im Abbau
33.,Äcker und Ackerbrachen
33.01.,"Flachgründige, skelettreiche Kalkäcker und Kalkackerbrache"
33.01.01.,Extensiv bewirtschafteter flachgründiger und skelettreicher Kalkacker mit weitgehend vollständiger Segetalvegetation
33.01.02.,Flachgründiger und skelettreicher Kalkacker mit artenreicher Segetalvegetation
33.01.03.,"Intensiv bewirtschafteter, flachgründiger und skelettreicher Kalkacker mit stark verarmter oder fehlender Segetalvegetation"
33.01.04.,"Flachgründige, skelettreiche Kalkackerbrache"
33.02.,"Äcker und Ackerbrache auf flachgründigem, skelettreichem Silikatverwitterungsboden"
33.02.01.,"Extensiv bewirtschafteter Acker auf flachgründigem, skelettreichem Silikatverwitterungsboden mit vollständiger Segetalvegetation"
33.02.02.,"Acker auf flachgründigem, skelettreichem Silikatverwitterungsboden mit artenreicher Segetalvegetaion"
33.02.03.,"Intensiv bewirtschafteter Acker auf flachgründigem, skelettreichem Silikatverwitterungsboden mit stark verarmter oder fehlender Segetalvegetation"
33.02.04.,"Ackerbrache auf flachgründigem, skelettreichem Silikatverwitterungsboden"
33.03.,Äcker und Ackerbrache auf Sandboden
33.03.01.,Extensiv bewirtschafteter Acker auf Sandboden mit vollständiger Segetalvegetation
33.03.02.,Acker auf Sandboden mit artenreicher Segetalvegetation
33.03.03.,Intensiv bewirtschafteter Acker auf Sandboden mit stark verarmter oder fehlender Segetalvegetation
33.03.04.,Ackerbrache auf Sandboden
33.04.,"Äcker und Ackerbrache auf Löss-, Lehm- oder Tonboden"
33.04.01.,"Extensiv bewirtschafteter Acker auf Löss-, Lehm- oder Tonboden mit vollständiger Segetalvegetation"
33.04.02.,"Acker auf Löss-, Lehm- oder Tonboden mit artenreicher Segetalvegetation"
33.04.03.,"Intensiv bewirtschafteter Acker auf Löss-, Lehm- oder Tonboden mit stark verarmter oder fehlender Segetalvegetation"
33.04.04.,"Ackerbrache auf Löss-, Lehm- oder Tonboden"
33.05.,Äcker und Ackerbrache auf Torf- oder Anmoorboden
33.05.01.,Extensiv bewirtschafteter Acker auf Torf- oder Anmoorboden mit vollständiger Segetalvegetation
33.05.02.,Acker auf Torf- oder Anmoorboden mit artenreicher Segetalvegetation
33.05.03.,Intensiv bewirtschafteter Acker auf Torf- oder Anmoorboden mit stark verarmter oder fehlender Segetalvegetation
33.05.04.,Ackerbrache auf Torf- oder Anmoorboden
34.,"Trockenrasen, sowie Grünland trockener bis frischer Standorte"
34.01.,Trockenrasen
34.01.01.,Trockenrasen auf karbonatischem Untergrund
34.01.01.01.,Submediterraner Trockenrasen auf karbonatischem oder sonstigem basenreichen Untergrund
34.01.01.02.,Subkontinentaler Trockenrasen auf karbonatischem oder sonstigem basenreichen Untergrund
34.01.02.,Trockenrasen auf silikatischem Untergrund
34.01.02.01.,Submediterraner Trockenrasen auf silikatischem Untergrund
34.01.02.02.,Subkontinentaler Trockenrasen auf silikatischem Untergrund
34.02.,Halbtrockenrasen
34.02.01.,Halbtrockenrasen auf karbonatischem oder sonstigem basenreichen Untergrund
34.02.01.01.,Submediterrane Halbtrockenrasen auf karbonatischem oder sonstigem basenreichen Boden
34.02.01.01.01.,"Submediterraner Halbtrockenrasen auf karbonatischem oder sonstigem basenreichen Boden, gemäht"
34.02.01.01.02.,"Submediterraner Halbtrockenrasen auf karbonatischem oder sonstigem basenreichen Boden, beweidet (inkl Mähweide)"
34.02.01.01.03.,"Submediterraner Halbtrockenrasen auf karbonatischem oder sonstigem basenreichen Boden, brachgefallen bzw ungenutzt"
34.02.01.02.,"Subkontinentale Halbtrockenrasen auf karbonatischem oder sonstigem basenreichen Boden34.02.01.02.01 Subkontinentaler Halbtrockenrasen auf karbonatischem oder sonstigem basenreichen Boden, gemäht34.02.01.02.02 Subkontinentaler Halbtrockenrasen auf karbonatischem oder sonstigem basenreichen Boden, beweidet (inkl Mähweide)"
34.02.01.02.03.,"Subkontinentaler Halbtrockenrasen auf karbonatischem oder sonstigem basenreichen Boden, brachgefallen bzw ungenutzt"
34.02.02.,Halbtrockenrasen auf silikatischem Untergrund
34.02.02.01.,Submediterrane Halbtrockenrasen auf silikatischem Boden
34.02.02.01.01.,"Submediterraner Halbtrockenrasen auf silikatischem Boden, gemäht"
34.02.02.01.02.,"Submediterraner Halbtrockenrasen auf silikatischem Boden, beweidet (inkl Mähweide)"
34.02.02.01.03.,"Submediterraner Halbtrockenrasen auf silikatischem Boden, brachgefallen bzw ungenutzt"
34.02.02.02.,Subkontinentale Halbtrockenrasen auf silikatischem Boden
34.02.02.02.01.,"Subkontinentaler Halbtrockenrasen auf silikatischem Boden, gemäht"
34.02.02.02.02.,"Subkontinentaler Halbtrockenrasen auf silikatischem Boden, beweidet (inkl Mähweide)"
34.02.02.02.03.,"Subkontinentaler Halbtrockenrasen auf silikatischem Boden, brachgefallen bzw ungenutzt"
34.03.,"Steppenrasen (subkontinental, auf tiefgründigem Boden)"
34.03.01.,"Steppenrasen, gemäht"
34.03.02.,"Steppenrasen, beweidet (inkl Mähweide)"
34.03.03.,"Steppenrasen, brachgefallen bzw ungenutzt"
34.04.,Sandtrockenrasen
34.04.01.,Annueller Sandtrockenrasen
34.04.02.,Silbergrasrasen
34.04.03.,Ausdauernde Sandtrockenrasen mit weitgehend geschlossener Narbe
34.04.03.01.,"Ausdauernder Sandtrockenrasen mit weitgehend geschlossener Narbe, beweidet (inkl Mähweide)"
34.04.03.02.,"Ausdauernder Sandtrockenrasen mit weitgehend geschlossener Narbe, gemäht"
34.04.03.03.,"Ausdauernder Sandtrockenrasen mit weitgehend geschlossener Narbe, ungenutzt"
34.05.,Schwermetallrasen
34.05.01.,Natürlicher und halbnatürlicher Schwermetallrasen (natürliche und sekundär naturnah entwickelte Standorte)
34.05.02.,Schwermetallrasen junger Abraumhalden des Bergbaus
34.06.,Borstgrasrasen
34.06.01.,Borstgrasrasen trockener bis frischer Standorte
34.06.01.01.,Borstgrasrasen trockener bis frischer Standorte in tieferen Lagen
34.06.01.01.01.,Gemähter Borstgrasrasen trockener bis frischer Standorte in tieferen Lagen
34.06.01.01.02.,Beweideter Borstgrasrasen trockener bis frischer Standorte in tieferen Lagen (inkl Mähweide)
34.06.01.01.03.,Brachgefallener Borstgrasrasen trockener bis frischer Standorte in tieferen Lagen
34.06.01.02.,Borstgrasrasen trockener bis frischer Standorte in höheren Lagen
34.06.01.02.01.,Gemähter Borstgrasrasen trockener bis frischer Standorte in höheren Lagen
34.06.01.02.02.,Beweideter Borstgrasrasen trockener bis frischer Standorte in höheren Lagen (inkl Mähweide)
34.06.01.02.03.,Brachgefallener Borstgrasrasen trockener bis frischer Standorte in höheren Lagen
34.06.02.,Borstgrasrasen feuchter Standorte
34.06.02.01.,Borstgrasrasen feuchter Standorte in tieferen Lagen
34.06.02.01.01.,Gemähter Borstgrasrasen feuchter Standorte in tieferen Lagen
34.06.02.01.02.,Beweideter Borstgrasrasen feuchter Standorte in tieferen Lagen (inkl Mähweide)
34.06.02.01.03.,Brachgefallener Borstgrasrasen feuchter Standorte in tieferen Lagen
34.06.02.02.,Borstgrasrasen feuchter Standorte in höheren Lagen
34.06.02.02.01.,Gemähter Borstgrasrasen feuchter Standorte in höheren Lagen
34.06.02.02.02.,Beweideter Borstgrasrasen feuchter Standorte in höheren Lagen (inkl Mähweide)
34.06.02.02.03.,Brachgefallener Borstgrasrasen feuchter Standorte in höheren Lagen
34.07.,Artenreiches Grünland frischer Standorte
34.07.01.,"Artenreiches, frisches Grünland in tieferen Lagen"
34.07.01.01.,"Artenreiche, frische Mähwiese in tieferen Lagen"
34.07.01.02.,"Artenreiche, frische (Mäh-)Weide in tieferen Lagen"
34.07.01.03.,"Artenreiche, frische Grünlandbrache in tieferen Lagen"
34.07.02.,"Artenreiches, frisches Grünland in höheren Lagen"
34.07.02.01.,"Artenreiche, frische Mähwiese in höheren Lagen"
34.07.02.02.,"Artenreiche, frische (Mäh-)Weide in höheren Lagen"
34.07.02.03.,"Artenreiche, frische Grünlandbrache in höheren Lagen"
34.08.,Artenarmes Grünland frischer Standorte
34.08.01.,"Intensiv genutztes, frisches Dauergrünland"
34.08.02.,Frisches Ansaatgrünland
34.08.03.,"Artenarme, frische Grünlandbrache"
34.08.04.,Sonstiges artenarmes Grünland frischer Standorte
34.09.,Tritt- und Parkrasen
34.09.01.,Artenreicher Parkrasen
34.09.02.,Artenarmer Parkrasen
34.09.03.,"Sportrasen, Golfrasen"
34.09.04.,Trittrasen
35.,"Waldfreie Niedermoore und Sümpfe, Grünland feuchter bis nasser Standorte"
35.01.,"Waldfreie, oligo- bis mesotrophe Niedermoore und Sümpfe"
35.01.01.,"Oligo- bis mesotrophe, kalkarme Niedermoore und Sümpfe"
35.01.01.01.,"Oligo- bis mesotrophes, kalkarmes Niedermoor und Sümpfe in tieferen Lagen"
35.01.01.02.,"Oligo- bis mesotrophes, kalkarmes Niedermoor und Sümpfe in höheren Lagen"
35.01.02.,"Oligo- bis mesotrophe, kalkreiche Niedermoore und Sümpfe"
35.01.02.01.,"Oligo- bis mesotrophes, kalkreiches Niedermoor und Sümpfe in tieferen Lagen"
35.01.02.02.,"Oligo- bis mesotrophes, kalkreiches Niedermoor und Sümpfe in höheren Lagen"
35.02.,Grünland nasser bis (wechsel-)feuchter Standorte
35.02.01.,Pfeifengraswiesen (auf mineralischen und organischen Böden)
35.02.01.01.,Pfeifengraswiese auf kalkarmem Standort
35.02.01.02.,Pfeifengraswiese auf kalkreichem Standort
35.02.01.03.,Brachgefallene Pfeifengraswiese
35.02.02.,Brenndolden-Auenwiesen
35.02.02.01.,"Brenndolden-Auenwiese, gemäht"
35.02.02.02.,"Brenndolden-Auenwiese, mit Mähweidenutzung"
35.02.02.03.,Brachgefallene Brenndolden-Auenwiese
35.02.03.,Sonstiges extensives Feucht- und Nassgrünland in tieferen Lagen
35.02.03.01.,Sonstige extensive Feucht- bzw Nasswiese in tieferen Lagen
35.02.03.02.,Sonstige extensive Feucht- bzw Nass(mäh)weide in tieferen Lagen
35.02.03.03.,Sonstige Feucht- bzw Nassgrünlandbrache in tieferen Lagen
35.02.04.,Sonstiges extensives Feucht- und Nassgrünland in höheren Lagen
35.02.04.01.,Sonstige extensive Feucht- bzw Nasswiese in höheren Lagen
35.02.04.02.,Sonstige extensive Feucht- bzw Nass(mäh)weide in höheren Lagen
35.02.04.03.,Feucht- bzw Nassgrünlandbrache in höheren Lagen
35.02.05.,Flutrasen
35.02.05.01.,Naturnaher extensiv oder nicht bewirtschafteter Flutrasen
35.02.05.02.,Intensiv genutzter Flutrasen
35.02.06.,"Artenarmes, intensiv genutztes Feuchtgrünland"
35.02.06.01.,"Feuchtes, intensiv genutztes Dauergrünland"
35.02.06.02.,Feuchtes Ansaatgrünland
35.02.06.03.,"Brachgefallenes, artenarmes Feuchtgrünland"
35.03.,Salzgrünland des Binnenlandes
35.03.01.,Naturnahes Salzgrünland des Binnenlandes
35.03.02.,"Naturfernes, sekundäres Salzgrünland des Binnenlandes"
36.,"Hoch-, Zwischen- und Übergangsmoore"
36.01.,Hochmoore (weitgehend intakt)
36.01.01.,Hochmoor der planaren bis submontanen Stufe
36.01.02.,Hochmoor der montanen bis hochmontanen Stufe
36.02.,Übergangsmoore und Zwischenmoore
36.02.01.,Übergangsmoor oder Zwischenmoor der planaren bis submontanen Stufe
36.02.02.,Übergangsmoor oder Zwischenmoor der montanen bis hochmontanen Stufe
36.03.,Moordegenerationsstadien
36.03.01.,Moordegenerationsstadien mit Dominanz von Gräsern
36.03.01.01.,Moordegenerationsstadium mit Dominanz von Wollgräsern
36.03.01.02.,Moordegenerationsstadium mit Dominanz von Pfeifengras
36.03.02.,Moordegenerationsstadium mit Dominanz von Zwergsträuchern
36.03.03.,Moordegenerationsstadium mit starkem Gehölzaufwuchs
36.03.04.,Moordegenerationsstadium mit Dominanz von Hochstauden und Binsen
36.04.,Torfabbaubereiche
36.04.01.,Handtorfstich im Abbau
36.04.02.,Abtorfungsflächen im Fräsverfahren
36.04.02.01.,In Abbau befindliche Abtorfungsfläche (Fräsverfahren)
36.04.02.02.,Sich selbst überlassene Abtorfungsfläche ohne erkennbare Regeneration (Fräsverfahren)
36.04.03.,Bunkerde-Halde
36.04.04.,Torfhalden
36.05.,Moor-Regenerationsflächen
37.,Großseggenriede
37.01.,Nährstoffarme Großseggenriede
37.01.01.,Bultiges nährstoffarmes Großseggenried
37.01.02.,Rasiges nährstoffarmes Großseggenried
37.02.,Nährstoffreiche Großseggenriede
37.02.01.,Bultiges nährstoffreiches Großseggenried
37.02.02.,Rasiges nährstoffreiches Großseggenried
38.,Röhrichte (ohne Brackwasserröhrichte)
38.01.,Teichsimsenröhricht
38.02.,Schilfröhrichte
38.02.01.,Schilf-Wasserröhricht
38.02.02.,Schilf-Landröhricht
38.03.,Rohrkolbenröhricht
38.04.,Schneidenröhricht
38.05.,Wasserschwadenröhricht
38.06.,Rohrglanzgrasröhricht
38.07.,Sonstiges Röhricht
39.,"Wald- und Ufersäume, Staudenfluren"
39.01.,Wald- und Gehölzsäume (ohne Ufersäume)
39.01.01.,Wald- und Gehölzsäume oligo- bis eutropher Standorte
39.01.01.01.,"Wald- und Gehölzsäume oligo- bis eutropher, trocken-warmer Standorte"
39.01.01.01.01.,"Wald- und Gehölzsaum kalkarmer, oligo- bis eutropher, trocken-warmer Standorte"
39.01.01.01.02.,"Wald- und Gehölzsaum kalkreicher, oligo- bis eutropher, trocken-warmer Standorte"
39.01.01.02.,"Wald- und Gehölzsäume oligo- bis eutropher, frischer bis nasser Standorte"
39.01.01.02.01.,"Wald- und Gehölzsaum kalkarmer, oligo- bis eutropher, frischer bis nasser Standorte"
39.01.01.02.02.,"Wald- und Gehölzsaum kalkreicher, oligo- bis eutropher, frischer bis nasser Standorte"
39.01.02.,Wald- und Gehölzsäume hypertropher Standorte
39.01.02.01.,"Wald- und Gehölzsaum hypertropher, trocken-warmer Standorte"
39.01.02.02.,"Wald- und Gehölzsaum hypertropher, frischer bis nasser Standorte"
39.02.,"Kahlschläge und Fluren der Lichtungen (mit überwiegend krautiger Vegetation, planar bis montan)"
39.02.01.,Kahlschlag und Flur der Lichtungen auf kalkarmem Standort
39.02.02.,Kahlschlag und Flur der Lichtungen auf kalkreichem Standort
39.03.,Krautige und grasige Säume und Fluren der offenen Landschaft (ohne Ufersäume und Grünlandbrachen)
39.03.01.,Krautige und grasige Säume und Fluren der offenen Landschaft oligo- bis eutropher Standorte
39.03.01.01.,"Krautige und grasige Säume und Fluren oligo- bis eutropher, trocken-warmer Standorte"
39.03.01.01.01.,"Krautiger oder grasiger Saum oder Flur kalkarmer, oligo- bis eutropher, trocken-warmer Standorte"
39.03.01.01.02.,"Krautiger oder grasiger Saum oder Flur kalkreicher, oligo- bis eutropher, trocken-warmer Standorte"
39.03.01.02.,"Krautige und grasige Säume und Fluren oligo- bis eutropher, frischer bis nasser Standorte"
39.03.01.02.01.,"Krautiger oder grasiger Saum oder Flur kalkarmer, oligo- bis eutropher, frischer bis nasser Standorte"
39.03.01.02.02.,"Krautiger oder grasiger Saum oder Flur kalkreicher, oligo- bis eutropher, frischer bis nasser Standorte"
39.03.02.,Krautige und grasige Säume und Fluren der offenen Landschaft hypertropher Standorte
39.03.02.01.,"Krautiger oder grasiger Saum oder Flur hypertropher, trocken-warmer Standorte"
39.03.02.02.,"Krautiger oder grasiger Saum oder Flur hypertropher, feuchter bis frischer Standorte"
39.04.,Krautige Ufersäume oder -fluren an Gewässern
39.05.,Neophyten-Staudenfluren
39.05.01.,Neophyten-Staudenflur trocken-warmer Standorte
39.05.02.,"Neophyten-Staudenflur frischer, feuchter und nasser Standorte"
39.06.,Ruderalstandorte
39.06.01.,"Trocken-warme Ruderalstandorte auf Sand-, Kies- und Schotterboden"
39.06.01.01.,"Trocken-warmer Ruderalstandort auf Sand-, Kies- und Schotterboden mit lückiger Vegetation"
39.06.01.02.,"Trocken-warmer Ruderalstandort auf Sand-, Kies- und Schotterboden mit dichter, meist ausdauernder Vegetation"
39.06.02.,Trocken-warme Ruderalstandorte auf bindigem Boden
39.06.02.01.,Trocken-warmer Ruderalstandort auf bindigem Boden mit lückiger Vegetation
39.06.02.02.,"Trocken-warmer Ruderalstandort auf bindigem Boden mit dichter, meist ausdauernder Vegetation"
39.06.03.,Frische bis nasse Ruderalstandorte
39.06.03.01.,Frischer bis nasser Ruderalstandort mit lückiger Vegetation
39.06.03.02.,"Frischer bis nasser Ruderalstandort mit dichter, meist ausdauernder Vegetation"
39.07.,Artenarme Dominanzbestände von Poly-Kormonbildnern (z.B von Adlerfarn oder Landreitgras)
39.07.01.,"Artenarmer, gehölzfreier Adlerfarn-Dominanzbestand"
39.07.02.,"Artenarmer, gehölzfreier Reitgras-Dominanzbestand"
39.07.03.,"Sonstiger artenarmer, gehölzfreier Dominanzbestand von Poly-Kormonbildnern"
39.07.04.,Artenarme Dominanzbestände von Poly-Kormonbildnern mit aufkommender Gehölz-Sukzession
40.,Zwergstrauchheiden
40.01.,Felsbandheide
40.02.,Moor- oder Sumpfheiden
40.02.01.,"Moor- oder Sumpfheide, weitgehend intakt"
40.02.02.,"Moor- oder Sumpfheide, degeneriert mit Grasdominanz (z.B mit Molinia caerulea)"
40.02.03.,"Moor- oder Sumpfheide, degeneriert mit Gehölzaufkommen (Birke, Faulbaum)"
40.03.,Heiden auf sandigen oder Silikat-Böden (Calluna-Heiden)
40.03.01.,"Heiden auf sandigen oder Silikat-Böden, Pionier- bis Altersphase"
40.03.02.,"Heiden auf sandigen oder Silikat-Böden, degeneriert mit Grasdominanz (z.B Deschampsia flexuosa)"
40.03.03.,"Heiden auf sandigen oder Silikat-Böden, degeneriert mit Gehölzaufkommen (Kiefer, Birke)"
40.04.,Lehmheide
40.05.,Bergheiden ('Hochheiden')
40.05.01.,Preiselbeer-Heidekraut-Heide
40.05.02.,Schneeheide-Heide
41.,"Feldgehölze, Gebüsche, Hecken und Gehölzkulturen"
41.01.,Gebüsche mit überwiegend autochthonen Arten
41.01.01.,Gebüsch nasser bis feuchter mineralischer Standorte außerhalb von Auen
41.01.02.,(Weiden-)Gebüsch in Auen
41.01.03.,Gebüsche nasser bis feuchter organischer Standorte
41.01.03.01.,"Moor-Gebüsch (z.B mit Weiden, Gagel)"
41.01.03.02.,Zwergbirken-Gebüsch
41.01.04.,Gebüsche frischer Standorte
41.01.04.01.,Besenginster-Gebüsch
41.01.04.02.,Sonstiges Gebüsch frischer Standorte
41.01.05.,Gebüsch trocken-warmer Standorte
41.01.05.01.,Buxus-Gebüsch
41.01.05.02	Wacholder-Gebüsch,41.01.05.02	Wacholder-Gebüsch
41.01.05.03.,Trockenes Zwerg- und Weichselkirschen-Gebüsch
41.01.05.04.,Besenginster-Gebüsch trocken-warmer Standorte
41.01.05.05.,Sonstiges Gebüsch trocken-warmer Standorte
41.01.06.,"Gebüsch stickstoffreicher, ruderaler Standorte"
41.02.,Feldgehölze mit überwiegend autochthonen Arten
41.02.01.,Feldgehölz nasser bis feuchter Standorte
41.02.02.,Feldgehölz frischer Standorte
41.02.03.,Feldgehölz trocken-warmer Standorte
41.03.,Hecken mit überwiegend autochthonen Arten
41.03.01.,"Wallhecke, Knick"
41.03.02.,Hecke auf Lesesteinriegel
41.03.03.,Hecken auf ebenerdigen Rainen oder Böschungen
41.03.03.01.,Hecke auf ebenerdigen Rainen oder Böschungen feuchter bis nasser Standorte
41.03.03.02.,Hecke auf ebenerdigen Rainen oder Böschungen frischer Standorte
41.03.03.03.,Hecke auf ebenerdigen Rainen oder Böschungen trocken-warmer Standorte
41.04.,"Gebüsche, Hecken und Feldgehölze aus überwiegend nicht autochthonen Arten"
41.04.01.,Flächige Gehölzanpflanzung oder spontan entstandene flächige Strauchbestände aus überwiegend nicht autochthonen Arten
41.04.02.,Hecke bzw lineare Gehölzanpflanzung aus überwiegend nicht autochthonen Arten
41.04.03.,Feldgehölze aus überwiegend nicht autochthonen Arten
41.05.,"Einzelbäume, Baumreihen und Baumgruppen"
41.05.01.,Laubbaum der offenen Landschaft (ohne Obst- und Nussbäume)
41.05.02.,Kopfbaum
41.05.03.,Nadelbaum der offenen Landschaft
41.05.04.,Allee bzw Baumreihe
41.05.05.,"Obstbaumallee, -reihe oder einzelner Obst- bzw Nussbaum"
41.05.06.,Altbaumbestand in Parks oder auf Friedhöfen
41.06.,Streuobstbestand [Komplex]
41.06.01.,Streuobstbestand auf Grünland
41.06.02.,Streuobstbestand auf Acker
41.07.,Gehölzplantagen und Hopfenkulturen
41.07.01.,Mittel- und Hochstammobstplantage
41.07.02.,Niederstammobstplantage
41.07.03.,Spalierobstkultur
41.07.04.,Fruchtstrauchkultur
41.07.05.,"Baumschule, Jungbaumkultur"
41.07.06.,Weihnachtsbaumkultur
41.07.07.,Hopfenkultur
41.08.,Rebkulturen und Rebbrachen
41.08.01.,Rebkulturen in Steillage
41.08.01.01.,Rebkultur in Steillage auf skelettreichem Boden
41.08.01.02.,Rebkultur in Steillage auf bindigem Boden
41.08.02.,Rebkulturen in ebener bis schwach geneigter Lage
41.08.02.01.,Rebkultur in ebener bis schwach geneigter Lage auf skelettreichem Boden
41.08.02.02.,Rebkultur in ebener bis schwach geneigter Lage auf bindigem Boden
41.08.03.,Rebbrachen in Steillage
41.08.03.01.,Rebbrache in Steillage auf skelettreichem Boden
41.08.03.02.,Rebbrache in Steillage auf bindigem Boden
41.08.04.,Rebbrachen in ebener bis schwach geneigter Lage
41.08.04.01.,Rebbrache in ebener bis schwach geneigter Lage auf skelettreichem Boden
41.08.04.02.,Rebbrache in ebener bis schwach geneigter Lage auf bindigem Boden
41.08.05.,Intensiv-Rebkulturen
41.09.,Gehölzanpflanzung auf stark schadstoffbelasteten Flächen
42.,"Waldmäntel und Vorwälder, spezielle Waldnutzungsformen"
42.01.,Waldmäntel
42.01.01.,Waldmantel nasser bis feuchter Standorte
42.01.02.,Waldmantel frischer Standorte
42.01.03.,Waldmantel trocken-warmer Standorte
42.01.04.,"Waldmantel stickstoffreicher, ruderaler Standorte"
42.02.,Rubus-Gestrüppe und -Vormäntel
42.02.01.,Brombeergestrüppe
42.02.01.01.,Brombeergestrüpp auf kalkarmem Untergrund
42.02.01.02.,Brombeergestrüpp auf kalkreichem Untergrund
42.02.02.,Kratzbeergestrüpp
42.02.03.,Himbeergestrüpp
42.03.,Vorwälder
42.03.01.,Vorwald nasser bis feuchter Standorte
42.03.02.,Vorwald frischer Standorte
42.03.03.,Vorwald trocken-warmer Standorte
42.04.,Hudewald [Komplex]
42.04.01.,Hudewald mit traditioneller Weidenutzung
42.04.02.,"Hudewald, aufgelassen"
42.05.,Niederwald [Komplex]
42.05.01.,Niederwald [Komplex] mit traditioneller Nutzung
42.05.02.,"Niederwald [Komplex], aufgelassen bzw durchwachsend"
42.06.,Kurzumtriebsplantagen mit nicht heimischen Baumarten
42.07.,Mittelwald [Komplex]
42.07.01.,Mittelwald [Komplex] mit traditioneller Nutzung
42.07.02.,"Mittelwald [Komplex], aufgelassen bzw durchwachsend"
43.,Laub(misch)wälder und -forste
43.01.,Birken-Moorwälder
43.01.01.,Birken-Moorwald mit intaktem Wasserhaushalt
43.01.02.,Degradierter Birken-Moorwald
43.02.,Bruchwälder
43.02.01.,Birken- und Birken-Erlenbruchwälder nährstoffärmerer Standorte
43.02.01.01.,Birken- und Birken-Erlenbruchwald nährstoffärmerer Standorte mit intaktem Wasserhaushalt
43.02.01.02.,Degradierter Birken- und Birken-Erlenbruchwald nährstoffärmerer Standorte
43.02.02.,Erlenbruchwälder nährstoffreicherer Standorte
43.02.02.01.,Erlenbruchwald mit intaktem Wasserhaushalt
43.02.02.02.,Degradierter Erlenbruchwald
43.03.,Sumpfwälder (auf mineralogenen Böden)
43.03.01.,Intakter Sumpfwald
43.03.02.,Degradierter Sumpfwald
43.04.,Auenwälder
43.04.01.,Fließgewässerbegleitende Erlen- und Eschenwälder
43.04.01.01.,Grauerlenauenwald
43.04.01.02.,Eschenwald (an Fließgewässern)
43.04.01.03.,Schwarzerlenwald (an Fließgewässern)
43.04.02.,Weichholzauenwälder
43.04.02.01.,Weichholzauenwald mit natürlicher oder naturnaher Überflutungsdynamik
43.04.02.02.,Weichholzauenwald ohne oder mit gestörter Überflutungsdynamik
43.04.03.,Hartholzauenwälder
43.04.03.01.,Hartholzauenwald mit natürlicher oder naturnaher Überflutungsdynamik (inkl Qualmwasserdynamik)
43.04.03.02.,Hartholzauenwald ohne oder mit gestörter Überflutungsdynamik
43.05.,Tideauenwälder
43.05.01.,Weichholz-Tideauenwald
43.05.02.,Hartholz-Tideauenwald
43.06.,"Schlucht-, Blockhalden- und Hangschuttwälder"
43.06.01.,Eschen-Ahorn-Schluchtwald bzw -Hangwald (feucht-kühle Standorte)
43.06.02.,Linden-Hangschuttwald
43.06.03.,Ulmen- und Ulmen-Hainbuchen-Hangwald (trockener bis frischer Standorte)
43.06.04.,Birken-Blockwald mit unterschiedlicher Bodenfeuchte
43.07.,Laub- und Mischwälder feuchter bis frischer Standorte
43.07.01.,Eschen- und Eschen-Bergahornwald feuchter Standorte
43.07.02.,Eichen-Hainbuchenwald staunasser bis frischer Standorte
43.07.03.,Eichenwald feuchter bis frischer Standorte
43.07.03.01.,Birken-Eichenwald feuchter Standorte
43.07.03.02.,Eichenwald frischer Standorte
43.07.04.,"Buchen(misch)wälder frischer, basenarmer Standorte"
43.07.04.01.,"Eichen-Buchenwald frischer, basenarmer Standorte"
43.07.04.02.,Bodensaurer Buchenwald der planaren bis submontanen Stufe
43.07.04.03.,Bodensaurer Buchenwald der montanen bis hochmontanen Stufe
43.07.05.,"Buchen(misch)wälder frischer, basenreicher Standorte"
43.07.05.01.,Buchenwald basenreicher Standorte der planaren bis submontanen Stufe
43.07.05.02.,Buchenwald basenreicher Standorte der montanen bis hochmontanen Stufe
43.07.06.,Montane Buchen-Tannen-/Fichtenwälder (Buchenanteil > 50 %)
43.07.06.01.,Montane Buchen-Tannenwälder (Buchenanteil > 50 %)
43.07.06.01.01.,Montaner Buchen-Tannenwald basenarmer Standorte
43.07.06.01.02.,Montaner Buchen-Tannenwald basenreicher Standorte
43.07.06.02.,Montane Buchen-Tannen-Fichtenwälder (Buchenanteil > 50 %)
43.07.06.02.01.,Montaner Buchen-Tannen-Fichtenwald basenarmer Standorte
43.07.06.02.02.,Montaner Buchen-Tannen-Fichtenwald basenreicher Standorte
43.08.,Laub(misch)wälder trockener bzw trocken-warmer Standorte
43.08.01.,Trockene Eichen-Hainbuchenwälder
43.08.01.01.,Traubeneichen-Hainbuchenwald
43.08.01.02.,Subkontinentaler Eichen-Hainbuchenwald
43.08.01.03.,Weißseggen-Eichen-Winterlindenwald
43.08.02.,Seggen-Buchenwald (Orchideen-Buchenwald)
43.08.03.,Blaugras-Buchenwald
43.08.04.,Buchenbuschwald (auf Ostseedünen)
43.08.05.,Eichen-Trockenwälder
43.08.05.01.,Eichen-Trockenwald basenarmer Standorte
43.08.05.02.,Eichen-Trockenwald basenreicher Standorte
43.08.05.03.,Birken-Stieleichen-Trockenwald auf Sand
43.09.,Laub(misch)holzforste einheimischer Baumarten
43.09.01.,Laub(misch)holzforst feuchter Standorte mit einheimischen Baumarten
43.09.02.,Laub(misch)holzforst frischer Standorte mit einheimischen Baumarten
43.09.03.,Laub(misch)holzforst trocken-warmer Standorte mit einheimischen Baumarten
43.10.,Laub(misch)holzforste eingeführter Baumarten
43.10.01.,Laub(misch)holzforst feuchter Standorte mit eingeführten Baumarten
43.10.02.,Laub(misch)holzforst frischer Standorte mit eingeführten Baumarten
43.10.03.,Laub(misch)holzforst trocken-warmer Standorte mit eingeführten Baumarten
44.,Nadel(misch)wälder und -forste
44.01.,Moorwälder (Nadelwälder)
44.01.01.,Fichten-Moorwälder
44.01.01.01.,Fichten-Moorwald mit intaktem Wasserhaushalt
44.01.01.02.,Degradierter Fichten-Moorwald
44.01.02.,Waldkiefern-Moorwälder
44.01.02.01.,Waldkiefern-Moorwald mit intaktem Wasserhaushalt
44.01.02.02.,Degradierter Waldkiefern-Moorwald
44.01.03.,Spirken-Moorwälder
44.01.03.01.,Spirken-Moorwald mit intaktem Wasserhaushalt
44.01.03.02.,Degradierter Spirken-Moorwald
44.01.04.,Latschen-Moorwälder
44.01.04.01.,Latschen-Moorwald mit intaktem Wasserhaushalt
44.01.04.02.,Degradierter Latschen-Moorwald
44.02.,"Natürliche bzw naturnahe, trockene bis wechselfeuchte Kiefernwälder"
44.02.01.,Trockene Fels-Kiefernwälder
44.02.01.01.,Trockener Fels-Kiefernwald basenarmer Standorte
44.02.01.02.,Trockener Fels-Kiefernwald basenreicher Standorte
44.02.02.,Kalk-Kiefernwald auf Schotterflächen und Schwemmkegeln
44.02.03.,Trockene Sand-Kiefernwälder
44.02.03.01.,Trockener Sand-Kiefernwald basenarmer Standorte
44.02.03.02.,Trockener Sand-Kiefernwald basenreicher Standorte
44.02.04.,Sonstiger (wechsel)feuchter Kiefern- bzw Birken-/Kiefernwald (z.B auf Mergel)
44.03.,Fichten-/Tannen(misch)wälder und Fichten(misch)wälder
44.03.01.,Montaner Fichten-Blockschuttwald
44.03.02.,Montane bis hochmontane Fichtenwälder
44.03.02.01.,Montaner bis hochmontaner Fichtenwald basenarmer Standorte
44.03.02.02.,Montaner bis hochmontaner Fichtenwald basenreicher Standorte
44.03.03.,Montane Tannen-Fichtenwälder
44.03.03.01.,Krautreicher montaner Tannen-Fichtenwald
44.03.03.02.,Zwergstrauchreicher montaner Tannen-Fichtenwald
44.03.04.,Montane Tannen-/Fichten-Buchenwälder (Nadelbaumanteil > 50 %)
44.03.04.01.,Montaner Tannen-Buchenwald (Nadelbaumanteil > 50 %)
44.03.04.02.,Montaner Tannen-Fichten-Buchenwald (Nadelbaumanteil > 50 %)
44.03.05.,Montane Tannenwälder
44.03.06.,Autochthone Fichten-Tannenwälder der planaren und collinen Stufe
44.04.,Nadel(misch)forste heimischer Baumarten
44.04.01.,Fichtenforste
44.04.01.01.,Fichtenforst feuchter Standorte
44.04.01.02.,Fichtenforst frischer Standorte
44.04.01.03.,Fichtenforst trockener Standorte
44.04.02.,Tannen-Fichtenforste
44.04.02.01.,Tannen-Fichtenforst feuchter Standorte
44.04.02.02.,Tannen-Fichtenforst frischer Standorte
44.04.02.03.,Tannen-Fichtenforst trockener Standorte
44.04.03.,Kiefernforste
44.04.03.01.,Kiefernforst (wechsel-)feuchter Standorte (z.B mit Molinia caerulea)
44.04.03.02.,Kiefernforst frischer Standorte
44.04.03.03.,Kiefernforst trockener Standorte
44.04.04.,Lärchenforst
44.05.,Nadel(misch)forste eingeführter Baumarten
44.05.01.,Nadel(misch)forst feuchter Standorte mit eingeführten Baumarten
44.05.02.,Nadel(misch)forst frischer Standorte mit eingeführten Baumarten
44.05.03.,Nadel(misch)forst trocken-warmer Standorte mit eingeführten Baumarten
51.,"Kleine, befestigte Freiflächen des besiedelten Bereichs"
51.01.,"Kleine, vegetationsfreie Freifläche"
51.02.,Kleine Freiflächen mit Spontanvegetation
51.02.01.,Kleine Freifläche mit dörflicher Ruderalvegetation
51.02.02.,Sonstige kleine Freifläche mit sonstiger Ruderalvegetation
51.03.,Anpflanzungen und Rabatten
51.03.01.,Anpflanzung von einjährigen Arten
51.03.02.,Anpflanzung von sommergrünen Stauden
51.03.03.,Anpflanzung von immergrünen Bodendeckern
51.03.04.,Anpflanzung von Zwerg- und Kleinsträuchern
51.03.05.,Mobiles Grün (z.B Pflanzkübel)
52.,Verkehrsanlagen und -plätze
52.01.,Straßen
52.01.01.,"Versiegelte, zwei- bis mehrspurige Straße, Autobahn, Rollfeld"
52.01.02.,"Versiegelte, einspurige Straße (auch gepflasterte Straße)"
52.01.03.,"Teilbefestigte, einspurige Straße (z.B mit Spurplatten)"
52.01.04.,"Geschotterte, einspurige Straße"
52.01.05.,Straße mit wassergebundener Decke
52.01.06.,Unbefestigte Straße/Feld- und Forstweg
52.02.,Rad- und Fußwege bzw Pfade
52.02.01.,Versiegelter Weg
52.02.02.,Gepflasterter Weg (Pflasterung ohne Fugenversiegelung)
52.02.03.,"Teilbefestigter Weg (z.B Rasengitter, Spurplatten)"
52.02.04.,Geschotterter Weg
52.02.05.,Weg mit wassergebundener Decke
52.02.06.,Unbefestigter Weg
52.02.07.,Hohlweg [Komplex]
52.03.,"Plätze, befestigte Freiflächen"
52.03.01.,Versiegelter Platz
52.03.02.,Teilbefestigter Platz (z.B Rasengitter)
52.03.03.,Platz mit geschottertem Belag
52.03.04.,Platz mit wassergebundener Decke (z.B Aschensportplatz)
52.04.,Übrige Verkehrsanlagen
52.04.01.,Gleiskörper
52.04.01.01.,Ruderalisierter Gleiskörper
52.04.01.02.,Sonstiger Gleiskörper
52.04.02.,"Hafenanlage, Kai"
52.04.03.,Sonstige Verkehrsanlagen
53.,Bauwerke
53.01.,Gebäude
53.01.01.,Burg-/Schlossgebäude
53.01.01.01.,"Burg-/Schlossgebäude, verfallen (ungenutzt)"
53.01.01.02.,"Burg-/Schlossgebäude, alt bzw traditionelle Bauweise (genutzt)"
53.01.01.03.,"Burg-/Schlossgebäude, moderne Bauweise"
53.01.02.,Kirchen und Kapellen
53.01.02.01.,"Kirche oder Kapelle, verfallen (ungenutzt)"
53.01.02.02.,"Kirche oder Kapelle, alt bzw traditionelle Bauweise"
53.01.02.03.,"Kirche oder Kapelle, moderne Bauweise"
53.01.03.,"Einzel-/Reihenhäuser, ein- bis zweistöckig"
53.01.03.01.,"Einzel-/Reihenhaus, ein- bis zweistöckig, verfallen (ungenutzt)"
53.01.03.02.,"Einzel-/Reihenhaus, ein- bis zweistöckig, alt bzw traditionelle Bauweise (genutzt)"
53.01.03.03.,"Einzel-/Reihenhaus, ein- bis zweistöckig, moderne Bauweise"
53.01.04.,Drei- bis sechsgeschossige Häuser
53.01.04.01.,"Drei- bis sechsgeschossiges Haus, verfallen (ungenutzt)"
53.01.04.02.,"Drei- bis sechsgeschossiges Haus, alt bzw traditionelle Bauweise (genutzt)"
53.01.04.03.,"Drei- bis sechsgeschossiges Haus, moderne Bauweise"
53.01.05.,Hochhäuser (mehr als sechsgeschossig)
53.01.05.01.,"Hochhaus, verfallen (ungenutzt)"
53.01.05.02.,Hochhaus (genutzt)
53.01.06.,Ausgedehnte Flächenbauten
53.01.07.,Stallungen
53.01.07.01.,"Stall, verfallen (ungenutzt)"
53.01.07.02.,"Stall, alt bzw traditionelle Bauweise (genutzt)"
53.01.07.03.,"Stall, moderne Bauweise"
53.01.08.,Scheunen und Speichergebäude
53.01.08.01.,"Scheune oder Speichergebäude, verfallen (ungenutzt)"
53.01.08.02.,"Scheune oder Speichergebäude, alt bzw traditionelle Bauweise (genutzt)"
53.01.08.03.,"Scheune oder Speichergebäude, moderne Bauweise"
53.01.08.04.,Siloanlage
53.01.09.,Gewächshaus
53.01.10.,Bootshaus (im Wasser stehend)
53.01.11.,"Kleingebäude, Schuppen"
53.01.12.,Fabrikgebäude
53.01.12.01.,"Fabrikgebäude, verfallen (ungenutzt)"
53.01.12.02.,"Fabrikgebäude, alt bzw traditionelle Bauweise (genutzt)"
53.01.12.03.,"Fabrikgebäude, moderne Bauweise53.01.13 Lager und Depotgebäude"
53.01.13.01.,"Lager oder Depotgebäude, verfallen (ungenutzt)"
53.01.13.02.,"Lager oder Depotgebäude, alt bzw traditionelle Bauweise (genutzt)"
53.01.13.03.,"Lager oder Depotgebäude, moderne Bauweise"
53.01.14.,Industrieanlagen
53.01.14.01.,"Industrieanlage, verfallen (ungenutzt)"
53.01.14.02.,"Industrieanlage, traditionelle Bauweise"
53.01.14.03.,"Industrieanlage, moderne Bauweise"
53.02.,Mauern
53.02.01.,Ziegelsteinmauern
53.02.01.01.,"Ziegelsteinmauer, alt bzw traditionelle Bauweise"
53.02.01.02.,"Ziegelsteinmauer, moderne Bauweise"
53.02.02.,Betonmauer
54.,Deponien und Rieselfelder
54.01.,Feststoffdeponien
54.01.01.,Kompostierfläche
54.01.02.,Hausmülldeponie
54.01.03.,Bauschuttdeponie
54.01.04.,Sonder- und Industriemülldeponie
54.02.,Deponien flüssiger Stoffe
54.02.01.,Gülledeponie
54.02.02.,Asche-Spül-Deponie
54.02.03.,Schlammdeponie
54.03.,Rieselfelder [Komplex]
54.04.,Kanalisation
60.,Gewässer der subalpinen bis alpinen Stufe
60.01.,Quellen der subalpinen bis alpinen Stufe
60.01.01.,Sicker- und Sumpfquelle der subalpinen bis alpinen Stufe (Helokrene)
60.01.02.,Grundquelle der subalpinen bis alpinen Stufe (Limnokrene)
60.01.03.,Sturzquelle der subalpinen bis alpinen Stufe (Rheokrene)
60.02.,Fließgewässer der subalpinen bis alpinen Stufe
60.02.01.,Gletscherbach
60.02.02.,Fließgewässeroberlauf (Rhithral) der subalpinen bis alpinen Stufe
60.03.,Stillgewässer der subalpinen bis alpinen Stufe
60.03.01.,See der subalpinen bis alpinen Stufe
60.03.02.,Weiher der subalpinen bis alpinen Stufe
60.03.03.,Tümpel der subalpinen bis alpinen Stufe
61.,"Firn, permanente Schneefelder und Gletscher"
61.01.,Firn und permanentes Schneefeld
61.02.,Gletscher
62.,Felsen der subalpinen bis nivalen Stufe
62.01.,Felswände der subalpinen bis nivalen Stufe
62.01.01.,Felswand der subalpinen bis nivalen Stufe aus Karbonatgestein
62.01.02.,Felswand der subalpinen bis nivalen Stufe aus silikatisch verwitterndem Gestein
62.02.,Felsblöcke der subalpinen bis nivalen Stufe
62.02.01.,Felsblöcke der subalpinen bis nivalen Stufe aus Karbonatgestein
62.02.02.,Felsblöcke der subalpinen bis nivalen Stufe aus silikatisch verwitterndem Gestein
63.,Steinschutthalden und Schotterflächen der subalpinen bis alpinen Stufe
63.01.,Schotterfläche an Gewässern der subalpinen bis alpinen Stufe
63.02.,Kalkschutthalde der subalpinen bis alpinen Stufe
63.03.,Mergelschutthalde der subalpinen bis alpinen Stufe
63.04.,Silikatschutthalde der subalpinen bis alpinen Stufe
64.,"Schneeböden, Schneetälchen"
64.01.,Kalkschneeboden
64.02.,Schwemmboden der subalpinen bis alpinen Stufe
64.03.,Silikatschneeboden
65.,Moore der subalpinen bis alpinen Stufe
65.01.,Hoch- und Übergangsmoor der subalpinen bis alpinen Stufe
65.02.,Flachmoor oder Sumpf der subalpinen bis alpinen Stufe
66.,Gebirgsrasen der subalpinen bis alpinen Stufe
66.01.,Nacktriedrasen
66.02.,Polsterseggenrasen
66.03.,Borstgrasrasen der subalpinen bis alpinen Stufe
66.04.,Blaugrashalde bzw -rasen
66.05.,Rostseggenrasen
66.06.,Alpenfettweide
66.07.,Goldhaferwiese der Kalkalpen
66.08.,Subalpiner Trittrasen
66.09.,Krummseggenrasen
67.,Stauden und Lägerfluren der hochmontanen bis alpinen Stufe
67.01.,Hochstauden- und Hochgrasflur der hochmontanen bis alpinen Stufe
67.02.,Lägerfluren der subalpinen bis alpinen Stufe
67.02.01.,Alpenampfer-Lägerflur
67.02.02.,Alpenkratzdistel-Lägerflur
67.02.03.,Alpengreiskraut-Lägerflur
68.,Zwergstrauchheiden der subalpinen bis slpinen Stufe
68.01.,Alpine 'Windheide' (z.B mit Gamsheide)
68.02.,Krähenbeer-Rauschbeerheide und Zwergwacholdergebüsche
69.,Gebüsche der hochmontanen bis subalpinen Stufe
69.01.,Auenweidengebüsche der hochmontanen bis subalpinen Stufe
69.01.01.,Auenweidengebüsch der hochmontanen bis subalpinen Stufe mit Myricaria germanica
69.01.02.,Auengebüsch der hochmontanen bis subalpinen Stufe mit Salix eleagnos
69.02.,Grünerlengebüsche
69.02.01.,Grünerlengebüsch an subalpinen Fließgewässern
69.02.02.,Sonstiges Grünerlengebüsch
69.03.,Schluchtweidengebüsch
69.04.,Latschengebüsch
69.05.,Alpenrosengebüsch
69.06.,Fichten-Ebereschengebüsch
69.07.,Knieweidengebüsch
70.,Subalpine Wälder
70.01.,Subalpiner (hochmontaner) Bergahorn-Buchenwald
70.02.,Subalpiner Fichtenwald
70.03.,Subalpiner Lärchen-Arvenwald
70.04.,Subalpiner Lärchenwald
